  [
    {
      "Movie_ID": "123",
      "Movie_Name": "The Godfather",
      "Movie_Image": "https://m.media-amazon.com/images/M/MV5BM2MyNjYxNmUtYTAwNi00MTYxLWJmNWYtYzZlODY3ZTk3OTFlXkEyXkFqcGdeQXVyNzkwMjQ5NzM@._V1_.jpg",
      "Movie_Cast": [
        "Marlon Brando",
        "Al Pacino",
        "James Caan"
      ],
      "Movie_Year": 2010,
      "Movie_Link": "example.com/movie",
      "Movie_Poster": "https://ntvb.tmsimg.com/assets/p6326_v_h8_be.jpg?w=1280&h=720",
      "Movie_Language": "English",
      "Movie_Genre": [
        "Crime",
        "Drama"
      ],
      "Movie_Like": 1000,
      "Movie_Views": 1000,
      "Movie_Comment": [
        {
          "Username": "User1",
          "Comment": "Great movie, loved it!"
        }
      ]
    },
    {
      "Movie_ID": "124",
      "Movie_Name": "The Shawshank Redemption",
      "Movie_Image": "example.com/image.jpg",
      "Movie_Cast": [
        "Tim Robbins",
        "Morgan Freeman",
        "Bob Gunton"
      ],
      "Movie_Link": "example.com/movie",
      "Movie_Poster": "example.com/poster.jpg",
      "Movie_Language": "English",
      "Movie_Genre": [
        "Drama"
      ],
      "Movie_Like": 1000,
      "Movie_Views": 1000,
      "Movie_Year": 2010,
      "Movie_Comment": [
        {
          "Username": "User1",
          "Comment": "One of the best movies I've seen!"
        }
      ]
    },
    {
      "Movie_ID": "125",
      "Movie_Name": "The Dark Knight",
      "Movie_Image": "example.com/image.jpg",
      "Movie_Cast": [
        "Christian Bale",
        "Heath Ledger",
        "Aaron Eckhart"
      ],
      "Movie_Link": "example.com/movie",
      "Movie_Poster": "example.com/poster.jpg",
      "Movie_Language": "English",
      "Movie_Genre": [
        "Action",
        "Crime",
        "Drama"
      ],
      "Movie_Like": 1000,
      "Movie_Views": 1000,
      "Movie_Comment": [
        {
          "Username": "User1",
          "Comment": "Heath Ledger's performance was amazing!"
        }
      ]
    },
    {
      "Movie_ID": "126",
      "Movie_Name": "The Godfather: Part II",
      "Movie_Image": "example.com/image.jpg",
      "Movie_Cast": [
        "Al Pacino",
        "Robert De Niro",
        "Robert Duvall"
      ],
      "Movie_Link": "example.com/movie",
      "Movie_Poster": "example.com/poster.jpg",
      "Movie_Language": "English",
      "Movie_Genre": [
        "Crime",
        "Drama"
      ],
      "Movie_Like": 1000,
      "Movie_Views": 1000,
      "Movie_Comment": [
        {
          "Username": "User1",
          "Comment": "Another masterpiece from Francis Ford Coppola!"
        }
      ]
    },
    {
      "Movie_ID": "127",
      "Movie_Name": "Dilwale Dulhania Le Jayenge",
      "Movie_Image": "https://upload.wikimedia.org/wikipedia/en/thumb/8/80/Dilwale_Dulhania_Le_Jayenge_poster.jpg/220px-Dilwale_Dulhania_Le_Jayenge_poster.jpg",
      "Movie_Cast": [
        "Shah Rukh Khan",
        "Kajol",
        "Amrish Puri"
      ],
      "Movie_Link": "https://www.netflix.com/in/title/60010110",
      "Movie_Poster": "https://m.media-amazon.com/images/I/91Z5U8+W6UL._SL1500_.jpg",
      "Movie_Language": "Hindi",
      "Movie_Genre": [
        "Romance",
        "Drama",
        "Musical"
      ],
      "Movie_Like": 100000,
      "Movie_Views": 1000000,
      "Movie_Comment": [
        {
          "Username": "SRKfan",
          "Comment": "One of the best romantic movies of all time. Shah Rukh Khan and Kajol have amazing chemistry!"
        },
        {
          "Username": "KajolFan",
          "Comment": "This movie is a classic. Kajol's performance was outstanding!"
        }
      ]
    },
    {
      "Movie_ID": "128",
      "Movie_Name": "Kabhi Khushi Kabhie Gham",
      "Movie_Image": "https://i.imgur.com/hb1lnse.jpg",
      "Movie_Cast": [
        "Amitabh Bachchan",
        "Jaya Bachchan",
        "Shah Rukh Khan",
        "Kajol",
        "Hrithik Roshan",
        "Kareena Kapoor"
      ],
      "Movie_Link": "https://www.amazon.com/Kabhi-Khushi-Kabhie-Gham-Khan/dp/B00004VVWC",
      "Movie_Poster": "https://i.imgur.com/e6vDp6O.jpg",
      "Movie_Language": "Hindi",
      "Movie_Genre": [
        "Drama",
        "Romance"
      ],
      "Movie_Like": 25000,
      "Movie_Views": 100000,
      "Movie_Comment": [
        {
          "Username": "User1",
          "Comment": "One of my all-time favorite Bollywood movies!"
        },
        {
          "Username": "User2",
          "Comment": "Amazing cast and great music! A must-watch for all Bollywood fans."
        },
        {
          "Username": "User3",
          "Comment": "I loved the family drama in this movie. So emotional and heartwarming."
        }
      ]
    },
    {
      "Movie_ID": "129",
      "Movie_Name": "Kuch Kuch Hota Hai",
      "Movie_Image": "https://upload.wikimedia.org/wikipedia/en/thumb/0/0a/Kuch_Kuch_Hota_Hai_poster.jpg/220px-Kuch_Kuch_Hota_Hai_poster.jpg",
      "Movie_Cast": [
        "Shah Rukh Khan",
        "Kajol",
        "Rani Mukerji"
      ],
      "Movie_Link": "https://www.netflix.com/title/60001027",
      "Movie_Poster": "https://images-na.ssl-images-amazon.com/images/I/51fqyj30aPL._AC_SY445_.jpg",
      "Movie_Language": "Hindi",
      "Movie_Genre": [
        "Romance",
        "Comedy",
        "Drama"
      ],
      "Movie_Like": 2000,
      "Movie_Views": 5000,
      "Movie_Comment": [
        {
          "Username": "User1",
          "Comment": "One of my all-time favorite Bollywood movies!"
        },
        {
          "Username": "User2",
          "Comment": "The chemistry between Shah Rukh Khan and Kajol is amazing."
        }
      ]
    },
    {
      "Movie_ID": "130",
      "Movie_Name": "Devdas",
      "Movie_Image": "https://m.media-amazon.com/images/M/MV5BOWEwZjRiOGItN2Q3OC00MGEzLWE3ODItODA5NDJlZDU0ZGE1XkEyXkFqcGdeQXVyMjMxOTMzNDg@._V1_.jpg",
      "Movie_Cast": [
        "Shah Rukh Khan",
        "Madhuri Dixit",
        "Aishwarya Rai Bachchan"
      ],
      "Movie_Link": "example.com/devdas",
      "Movie_Poster": "https://i.pinimg.com/originals/3d/0a/20/3d0a2084a0a0de7d20e124af63b18f3b.jpg",
      "Movie_Language": "Hindi",
      "Movie_Genre": [
        "Drama",
        "Romance"
      ],
      "Movie_Like": 2500,
      "Movie_Views": 5000,
      "Movie_Comment": [
        {
          "Username": "User1",
          "Comment": "One of the best movies I've ever watched!"
        },
        {
          "Username": "User2",
          "Comment": "Shah Rukh Khan's acting is phenomenal in this movie!"
        },
        {
          "Username": "User3",
          "Comment": "This movie is a classic, a must-watch for all Bollywood fans."
        }
      ]
    },
    {
      "Movie_ID": "131",
      "Movie_Name": "Mohabbatein",
      "Movie_Image": "https://upload.wikimedia.org/wikipedia/en/thumb/e/e5/Mohabbatein_poster.jpg/220px-Mohabbatein_poster.jpg",
      "Movie_Cast": [
        "Amitabh Bachchan",
        "Shah Rukh Khan",
        "Aishwarya Rai Bachchan",
        "Uday Chopra",
        "Jugal Hansraj",
        "Jimmy Sheirgill",
        "Shamita Shetty",
        "Kim Sharma",
        "Preeti Jhangiani",
        "Anupam Kher"
      ],
      "Movie_Link": "https://www.amazon.com/Mohabbatein-Shah-Rukh-Khan/dp/B07TJDZ7KG",
      "Movie_Poster": "https://www.cinematerial.com/media/posters/md/fo/fohkyoam.jpg?v=1594087935",
      "Movie_Language": "Hindi",
      "Movie_Genre": [
        "Musical",
        "Drama",
        "Romance"
      ],
      "Movie_Like": 5000,
      "Movie_Views": 10000,
      "Movie_Comment": [
        {
          "Username": "User1",
          "Comment": "This movie is a classic! I can watch it over and over again!"
        },
        {
          "Username": "User2",
          "Comment": "The music in this movie is amazing! The story is touching and beautifully portrayed."
        }
      ]
    },
    {
      "Movie_ID": "132",
      "Movie_Name": "Veer-Zaara",
      "Movie_Image": "https://www.filmibeat.com/img/popcorn/profile_photos/veer-zaara-20041118175815-1094.jpg",
      "Movie_Cast": [
        "Shah Rukh Khan",
        "Preity Zinta",
        "Rani Mukerji"
      ],
      "Movie_Link": "https://www.netflix.com/title/70034541",
      "Movie_Poster": "https://www.filmibeat.com/img/popcorn/profile_photos/veer-zaara-20041118175815-1094.jpg",
      "Movie_Language": "Hindi",
      "Movie_Genre": [
        "Romance",
        "Drama"
      ],
      "Movie_Like": 5000,
      "Movie_Views": 10000,
      "Movie_Comment": [
        {
          "Username": "User1",
          "Comment": "This movie is a classic! I cry every time I watch it."
        },
        {
          "Username": "User2",
          "Comment": "The chemistry between Shah Rukh Khan and Preity Zinta is amazing. They make a great on-screen couple."
        },
        {
          "Username": "User3",
          "Comment": "The music in this movie is so beautiful. I listen to the soundtrack all the time."
        }
      ]
    },
    {
      "Movie_ID": "133",
      "Movie_Name": "Dil To Pagal Hai",
      "Movie_Image": "https://upload.wikimedia.org/wikipedia/en/thumb/3/3a/Dil_To_Pagal_Hai.jpg/220px-Dil_To_Pagal_Hai.jpg",
      "Movie_Cast": [
        "Shah Rukh Khan",
        "Madhuri Dixit",
        "Karisma Kapoor"
      ],
      "Movie_Link": "https://www.netflix.com/in/title/60001839",
      "Movie_Poster": "https://upload.wikimedia.org/wikipedia/en/thumb/3/3a/Dil_To_Pagal_Hai.jpg/220px-Dil_To_Pagal_Hai.jpg",
      "Movie_Language": "Hindi",
      "Movie_Genre": [
        "Romance",
        "Musical"
      ],
      "Movie_Like": 5000,
      "Movie_Views": 10000,
      "Movie_Comment": [
        {
          "Username": "User1",
          "Comment": "This is my favorite Bollywood movie of all time!"
        },
        {
          "Username": "User2",
          "Comment": "Shah Rukh Khan and Madhuri Dixit's chemistry is amazing in this movie."
        },
        {
          "Username": "User3",
          "Comment": "The songs in this movie are so catchy and fun to listen to."
        }
      ]
    },
    {
      "Movie_ID": "134",
      "Movie_Name": "Kal Ho Naa Ho",
      "Movie_Image": "https://m.media-amazon.com/images/I/51p5r5B3lkL._AC_.jpg",
      "Movie_Cast": [
        "Shah Rukh Khan",
        "Preity Zinta",
        "Saif Ali Khan"
      ],
      "Movie_Link": "https://www.netflix.com/title/70020209",
      "Movie_Poster": "https://m.media-amazon.com/images/I/51V7tvNllOL._AC_.jpg",
      "Movie_Language": "Hindi",
      "Movie_Genre": [
        "Romance",
        "Drama",
        "Comedy"
      ],
      "Movie_Like": 25000,
      "Movie_Views": 100000,
      "Movie_Comment": [
        {
          "Username": "User1",
          "Comment": "One of the best movies ever made!"
        },
        {
          "Username": "User2",
          "Comment": "Shah Rukh Khan was amazing in this movie."
        },
        {
          "Username": "User3",
          "Comment": "I cried so much while watching this movie."
        }
      ]
    },
    {
      "Movie_ID": "135",
      "Movie_Name": "Kabhi Alvida Naa Kehna",
      "Movie_Image": "https://m.media-amazon.com/images/I/51npi6itWhL.jpg",
      "Movie_Cast": [
        "Shah Rukh Khan",
        "Rani Mukerji",
        "Amitabh Bachchan",
        "Abhishek Bachchan",
        "Preity Zinta"
      ],
      "Movie_Link": "example.com/kank",
      "Movie_Poster": "https://www.filmaffinity.com/imgs/movies/postermedium/304/304405.jpg",
      "Movie_Language": "Hindi",
      "Movie_Genre": [
        "Drama",
        "Romance"
      ],
      "Movie_Like": 500,
      "Movie_Views": 2000,
      "Movie_Comment": [
        {
          "Username": "User1",
          "Comment": "This is one of my favorite Bollywood movies of all time!"
        },
        {
          "Username": "User2",
          "Comment": "The acting in this movie is amazing. Shah Rukh Khan and Rani Mukerji have great chemistry!"
        },
        {
          "Username": "User3",
          "Comment": "The story is emotional and thought-provoking. A must-watch for all Bollywood fans!"
        }
      ]
    },
    {
      "Movie_ID": "136",
      "Movie_Name": "Hum Dil De Chuke Sanam",
      "Movie_Image": "https://images-na.ssl-images-amazon.com/images/I/91NyCFZ1KjL._RI_.jpg",
      "Movie_Cast": [
        "Salman Khan",
        "Aishwarya Rai Bachchan",
        "Ajay Devgn"
      ],
      "Movie_Link": "https://www.amazon.com/Hum-Dil-De-Chuke-Sanam/dp/B01N7F2FCG",
      "Movie_Poster": "https://m.media-amazon.com/images/I/81qLnbkwZ-L._SY445_.jpg",
      "Movie_Language": "Hindi",
      "Movie_Genre": [
        "Romance",
        "Drama",
        "Musical"
      ],
      "Movie_Like": 5000,
      "Movie_Views": 10000,
      "Movie_Comment": [
        {
          "Username": "User1",
          "Comment": "One of my all-time favorite Bollywood movies!"
        },
        {
          "Username": "User2",
          "Comment": "Great performances by the entire cast. A must-watch!"
        },
        {
          "Username": "User3",
          "Comment": "The songs are so beautiful and the story is so touching. Loved it!"
        }
      ]
    },
    {
      "Movie_ID": "137",
      "Movie_Name": "Dil Chahta Hai",
      "Movie_Image": "https://upload.wikimedia.org/wikipedia/en/9/9d/Dil_Chahta_Hai.jpg",
      "Movie_Cast": [
        "Aamir Khan",
        "Saif Ali Khan",
        "Akshaye Khanna"
      ],
      "Movie_Link": "https://www.netflix.com/title/60004481",
      "Movie_Poster": "https://www.movieposter.com/posters/archive/main/92/MPW-46364",
      "Movie_Language": "Hindi",
      "Movie_Genre": [
        "Comedy",
        "Drama",
        "Romance"
      ],
      "Movie_Like": 5000,
      "Movie_Views": 10000,
      "Movie_Comment": [
        {
          "Username": "User1",
          "Comment": "This movie is a classic! I could watch it over and over again."
        },
        {
          "Username": "User2",
          "Comment": "The music in this movie is amazing. It really sets the mood for the story."
        },
        {
          "Username": "User3",
          "Comment": "I love the friendship between the three main characters. It's so relatable."
        }
      ]
    },
    {
      "Movie_ID": "138",
      "Movie_Name": "3 Idiots",
      "Movie_Image": "https://www.imdb.com/title/tt1187043/mediaviewer/rm3599575552/?ref_=tt_ov_i",
      "Movie_Cast": [
        "Aamir Khan",
        "Kareena Kapoor",
        "R. Madhavan",
        "Sharman Joshi"
      ],
      "Movie_Link": "https://www.netflix.com/watch/70119081",
      "Movie_Poster": "https://www.imdb.com/title/tt1187043/mediaviewer/rm2184299521/?ref_=tt_ov_i",
      "Movie_Language": "Hindi",
      "Movie_Genre": [
        "Comedy",
        "Drama"
      ],
      "Movie_Like": 5000,
      "Movie_Views": 10000,
      "Movie_Comment": [
        {
          "Username": "User1",
          "Comment": "One of the best movies ever made!"
        },
        {
          "Username": "User2",
          "Comment": "Aamir Khan is fantastic in this movie."
        }
      ]
    },
    {
      "Movie_ID": "139",
      "Movie_Name": "Lagaan",
      "Movie_Image": "https://upload.wikimedia.org/wikipedia/en/b/b6/Lagaan.jpg",
      "Movie_Cast": [
        "Aamir Khan",
        "Gracy Singh",
        "Rachel Shelley"
      ],
      "Movie_Link": "https://www.netflix.com/in/title/60034507",
      "Movie_Poster": "https://i.imgur.com/BJMhQ2E.jpg",
      "Movie_Language": "Hindi",
      "Movie_Genre": [
        "Drama",
        "Sport"
      ],
      "Movie_Like": 25000,
      "Movie_Views": 150000,
      "Movie_Comment": [
        {
          "Username": "User1",
          "Comment": "One of the best Bollywood movies ever made!"
        },
        {
          "Username": "User2",
          "Comment": "Lagaan is a masterpiece, a must-watch!"
        }
      ]
    },
    {
      "Movie_ID": "140",
      "Movie_Name": "Taare Zameen Par",
      "Movie_Image": "https://m.media-amazon.com/images/M/MV5BZTIxZjE3ODQtYzQ2Ny00YzNiLWI3YjMtNmM0NjA1ZGE5MzNkXkEyXkFqcGdeQXVyMTAwMzM3NDI4._V1_.jpg",
      "Movie_Cast": [
        "Aamir Khan",
        "Darsheel Safary",
        "Tisca Chopra"
      ],
      "Movie_Link": "example.com/movie/tzp",
      "Movie_Poster": "https://images-na.ssl-images-amazon.com/images/I/71Wq3Jt%2BtJL._AC_SY445_.jpg",
      "Movie_Language": "Hindi",
      "Movie_Genre": [
        "Drama",
        "Family"
      ],
      "Movie_Like": 5000,
      "Movie_Views": 10000,
      "Movie_Comment": [
        {
          "Username": "User1",
          "Comment": "This is such an inspiring movie!"
        },
        {
          "Username": "User2",
          "Comment": "One of the best movies I've ever watched!"
        },
        {
          "Username": "User3",
          "Comment": "The performances by the cast were incredible!"
        }
      ]
    },
    {
      "Movie_ID": "141",
      "Movie_Name": "Rang De Basanti",
      "Movie_Image": "https://m.media-amazon.com/images/M/MV5BMjA2MTM5MjYzNV5BMl5BanBnXkFtZTYwMjI1MzY3._V1_.jpg",
      "Movie_Cast": [
        "Aamir Khan",
        "Siddharth Narayan",
        "Sharman Joshi",
        "Kunal Kapoor",
        "Atul Kulkarni",
        "Alice Patten",
        "Soha Ali Khan",
        "R. Madhavan"
      ],
      "Movie_Link": "example.com/movie/rang-de-basanti",
      "Movie_Poster": "https://ntvb.tmsimg.com/assets/p430533_p_v10_af.jpg",
      "Movie_Language": "Hindi",
      "Movie_Genre": [
        "Drama",
        "History"
      ],
      "Movie_Like": 5000,
      "Movie_Views": 20000,
      "Movie_Comment": [
        {
          "Username": "User1",
          "Comment": "One of the best Bollywood movies ever made!"
        },
        {
          "Username": "User2",
          "Comment": "The acting was phenomenal and the storyline was captivating."
        }
      ]
    },
    {
      "Movie_ID": "142",
      "Movie_Name": "Munna Bhai M.B.B.S.",
      "Movie_Image": "https://m.media-amazon.com/images/M/MV5BZDkwYzBlOGYtYTMwZi00N2IwLWE2YTgtZGE1YmM0N2FkMjQ2XkEyXkFqcGdeQXVyNzkwMjQ5NzM@._V1_.jpg",
      "Movie_Cast": [
        "Sanjay Dutt",
        "Arshad Warsi",
        "Gracy Singh",
        "Boman Irani"
      ],
      "Movie_Link": "example.com/munnabhai",
      "Movie_Poster": "https://i.imgur.com/ZDjK2gy.jpg",
      "Movie_Language": "Hindi",
      "Movie_Genre": [
        "Comedy",
        "Drama"
      ],
      "Movie_Like": 1500,
      "Movie_Views": 2000,
      "Movie_Comment": [
        {
          "Username": "User1",
          "Comment": "One of the best Bollywood movies I have ever watched!"
        },
        {
          "Username": "User2",
          "Comment": "Sanjay Dutt and Arshad Warsi have great chemistry in this movie."
        },
        {
          "Username": "User3",
          "Comment": "The message in this movie about the importance of empathy and caring for others is so powerful."
        }
      ]
    },
    {
      "Movie_ID": "143",
      "Movie_Name": "Lage Raho Munna Bhai",
      "Movie_Image": "https://upload.wikimedia.org/wikipedia/en/9/9d/Lage_raho_munna_bhai.jpg",
      "Movie_Cast": [
        "Sanjay Dutt",
        "Arshad Warsi",
        "Vidya Balan"
      ],
      "Movie_Link": "example.com/lage-raho-munna-bhai",
      "Movie_Poster": "https://images-na.ssl-images-amazon.com/images/I/51OmJNYTVNL._SX342_.jpg",
      "Movie_Language": "Hindi",
      "Movie_Genre": [
        "Comedy",
        "Drama",
        "Romance"
      ],
      "Movie_Like": 2500,
      "Movie_Views": 3000,
      "Movie_Comment": [
        {
          "Username": "User1",
          "Comment": "One of the best Bollywood movies of all time!"
        },
        {
          "Username": "User2",
          "Comment": "Sanjay Dutt and Arshad Warsi were amazing in this!"
        }
      ]
    },
    {
      "Movie_ID": "144",
      "Movie_Name": "Bajrangi Bhaijaan",
      "Movie_Image": "https://m.media-amazon.com/images/M/MV5BMjMxNDg0NzgxM15BMl5BanBnXkFtZTgwMTMzNDkxNjM@._V1_.jpg",
      "Movie_Cast": [
        "Salman Khan",
        "Kareena Kapoor",
        "Nawazuddin Siddiqui"
      ],
      "Movie_Link": "example.com/bajrangi-bhaijaan",
      "Movie_Poster": "https://i.imgur.com/q60WdH1.jpg",
      "Movie_Language": "Hindi",
      "Movie_Genre": [
        "Drama",
        "Comedy"
      ],
      "Movie_Like": 5000,
      "Movie_Views": 10000,
      "Movie_Comment": [
        {
          "Username": "User1",
          "Comment": "One of the best Bollywood movies I have ever seen!"
        },
        {
          "Username": "User2",
          "Comment": "Salman Khan was amazing in this movie!"
        },
        {
          "Username": "User3",
          "Comment": "Loved the story and the performances by the actors."
        }
      ]
    },
    {
      "Movie_ID": "145",
      "Movie_Name": "Sultan",
      "Movie_Image": "https://www.filmibeat.com/img/popcorn/movie_posters/sultan-20160530115154-2215.jpg",
      "Movie_Cast": [
        "Salman Khan",
        "Anushka Sharma",
        "Randeep Hooda"
      ],
      "Movie_Link": "https://www.amazon.com/Sultan-Salman-Khan/dp/B01G4Y0Y4I",
      "Movie_Poster": "https://www.filmibeat.com/img/popcorn/movie_posters/sultan-20160530115154-2215.jpg",
      "Movie_Language": "Hindi",
      "Movie_Genre": [
        "Sports",
        "Drama"
      ],
      "Movie_Like": 5000,
      "Movie_Views": 10000,
      "Movie_Comment": [
        {
          "Username": "User1",
          "Comment": "Salman Khan was amazing in this movie!"
        },
        {
          "Username": "User2",
          "Comment": "One of the best sports movies I've seen in Bollywood!"
        }
      ]
    },
    {
      "Movie_ID": "146",
      "Movie_Name": "Dangal",
      "Movie_Image": "https://m.media-amazon.com/images/M/MV5BYjRiMGI4OWMtMDE4OC00MjgyLTlhY2YtMGI5ZmM5OGI3M2QwXkEyXkFqcGdeQXVyNjEwNTY1NjM@._V1_FMjpg_UX1000_.jpg",
      "Movie_Cast": [
        "Aamir Khan",
        "Sakshi Tanwar",
        "Fatima Sana Shaikh"
      ],
      "Movie_Link": "https://www.netflix.com/title/80166185",
      "Movie_Poster": "https://images-na.ssl-images-amazon.com/images/I/91gXnbsZCtL._SL1500_.jpg",
      "Movie_Language": "Hindi",
      "Movie_Genre": [
        "Biography",
        "Drama",
        "Sport"
      ],
      "Movie_Like": 5000,
      "Movie_Views": 10000,
      "Movie_Comment": [
        {
          "Username": "User1",
          "Comment": "Great movie, one of the best Bollywood movies ever made!"
        },
        {
          "Username": "User2",
          "Comment": "Aamir Khan is amazing in this movie, and the story is so inspiring!"
        },
        {
          "Username": "User3",
          "Comment": "I watched this movie with my family, and we were all moved by the story and the performances."
        }
      ]
    },
    {
      "Movie_ID": "147",
      "Movie_Name": "PK",
      "Movie_Image": "https://m.media-amazon.com/images/M/MV5BMjM4MDA4MTk4OF5BMl5BanBnXkFtZTgwMTY5MDk4NTE@._V1_.jpg",
      "Movie_Cast": [
        "Aamir Khan",
        "Anushka Sharma",
        "Sushant Singh Rajput",
        "Sanjay Dutt"
      ],
      "Movie_Link": "example.com/movie/pk",
      "Movie_Poster": "https://i.pinimg.com/originals/b1/67/4e/b1674e06a9a9c1a39b484d0f93a0d1af.jpg",
      "Movie_Language": "Hindi",
      "Movie_Genre": [
        "Comedy"
      ],
      "Movie_Like": 2000,
      "Movie_Views": 3000,
      "Movie_Comment": [
        {
          "Username": "User1",
          "Comment": "PK is a great movie, loved it!"
        },
        {
          "Username": "User2",
          "Comment": "Aamir Khan was amazing in this movie."
        },
        {
          "Username": "User3",
          "Comment": "One of the best Bollywood movies I have seen."
        }
      ]
    },
    {
      "Movie_ID": "148",
      "Movie_Name": "Sairat",
      "Movie_Image": "https://4.bp.blogspot.com/-hkHpFXhYGs8/Vx539wzaNuI/AAAAAAAAA4Y/PXo0Nk2wQXc2RvJJbCMvPl6rPfHzTC2TwCLcB/s1600/Sairat%2B%2528%25E0%25A4%25B8%25E0%25A5%2588%25E0%25A4%25B0%25E0%25A4%25BE%25E0%25A4%259F%2529%2BNagraj%2BManjule%2BMovie%2BOfficial%2BPoster.jpg",
      "Movie_Cast": [
        "Akash Thosar",
        "Rinku Rajguru"
      ],
      "Movie_Director": "Nagraj Manjule",
      "Movie_Producer": "Nittin Keni, Nikhil Sane",
      "Movie_Year": 2016,
      "Movie_Link": "https://en.wikipedia.org/wiki/Sairat",
      "Movie_Poster": "https://m.media-amazon.com/images/M/MV5BYTM4ZTUyZDYtODlmNC00MmZkLTk2NmYtMjA1MjY5ODFlN2U0XkEyXkFqcGdeQXVyNTI5NjIyMw@@._V1_.jpg",
      "Movie_Language": "Marathi",
      "Movie_Genre": [
        "Romance",
        "Drama"
      ],
      "Movie_Like": 25000,
      "Movie_Views": 50000,
      "Movie_Comment": [
        {
          "Username": "User1",
          "Comment": "One of the best Marathi movies ever made!"
        },
        {
          "Username": "User2",
          "Comment": "The story is so real and raw, it touched my heart."
        }
      ]
    },
    {
      "Movie_ID": "149",
      "Movie_Name": "Natsamrat",
      "Movie_Image": "https://images-na.ssl-images-amazon.com/images/I/91J-LlN-GrL._RI_.jpg",
      "Movie_Cast": [
        "Nana Patekar",
        "Medha Manjrekar",
        "Vikram Gokhale"
      ],
      "Movie_Year": 2016,
      "Movie_Link": "example.com/natsamrat",
      "Movie_Poster": "https://www.marathimovieworld.com/wp-content/uploads/2015/12/Natsamrat-Marathi-Movie-Poster-Nana-Patekar-1024x1536.jpg",
      "Movie_Language": "Marathi",
      "Movie_Genre": [
        "Drama"
      ],
      "Movie_Like": 1500,
      "Movie_Views": 2000,
      "Movie_Comment": [
        {
          "Username": "User1",
          "Comment": "This movie is a masterpiece. Nana Patekar's acting is phenomenal."
        },
        {
          "Username": "User2",
          "Comment": "One of the best Marathi movies I've ever seen. Highly recommend!"
        }
      ]
    },
    {
      "Movie_ID": "150",
      "Movie_Name": "Harishchandrachi Factory",
      "Movie_Image": "https://upload.wikimedia.org/wikipedia/en/9/9c/Harishchandrachi_Factory%2C_2009_film_poster.jpg",
      "Movie_Cast": [
        "Nandu Madhav",
        "Vibhawari Deshpande",
        "Atharva Karve"
      ],
      "Movie_Year": 2009,
      "Movie_Link": "example.com/harishchandrachi-factory",
      "Movie_Poster": "https://media-cache.cinematerial.com/p/500x/0ftciisb/harishchandrachi-factory-indian-movie-poster.jpg?v=1456580604",
      "Movie_Language": "Marathi",
      "Movie_Genre": [
        "Biographical",
        "Drama"
      ],
      "Movie_Like": 500,
      "Movie_Views": 700,
      "Movie_Comment": [
        {
          "Username": "User1",
          "Comment": "This movie is a masterpiece! Highly recommended!"
        },
        {
          "Username": "User2",
          "Comment": "A brilliant tribute to Dadasaheb Phalke and the birth of Indian cinema."
        }
      ]
    },
    {
      "Movie_ID": "151",
      "Movie_Name": "Court",
      "Movie_Image": "https://media-cache.cinematerial.com/p/500x/sui1cvc9/court-indian-movie-poster.jpg?v=1456370514",
      "Movie_Cast": [
        "Vira Sathidar",
        "Vivek Gomber",
        "Geetanjali Kulkarni"
      ],
      "Movie_Year": 2015,
      "Movie_Link": "example.com/court",
      "Movie_Poster": "https://i.ytimg.com/vi/4sc8z7zav9A/maxresdefault.jpg",
      "Movie_Language": "Marathi",
      "Movie_Genre": [
        "Drama"
      ],
      "Movie_Like": 500,
      "Movie_Views": 700,
      "Movie_Comment": [
        {
          "Username": "User1",
          "Comment": "This movie is a masterpiece!"
        },
        {
          "Username": "User2",
          "Comment": "Loved the performances and the storytelling!"
        }
      ]
    },
    {
      "Movie_ID": "152",
      "Movie_Name": "Fandry",
      "Movie_Image": "https://e1.pxfuel.com/desktop-wallpaper/418/263/desktop-wallpaper-pankaj-gangar-aplimumbai-fandry-marathi-movie-cast-story-fandry-thumbnail.jpg",
      "Movie_Cast": [
        "Somnath Awghade",
        "Suraj Pawar",
        "Kishore Kadam",
        "Chhaya Kadam"
      ],
      "Movie_Year": 2013,
      "Movie_Link": "example.com/fandry",
      "Movie_Poster": "https://theleaflet.in/wp-content/uploads/2023/02/Fandry-Movie.png",
      "Movie_Language": "Marathi",
      "Movie_Genre": [
        "Drama",
        "Romance"
      ],
      "Movie_Like": 750,
      "Movie_Views": 2000,
      "Movie_Comment": [
        {
          "Username": "User1",
          "Comment": "Fandry is a masterpiece! Highly recommended."
        },
        {
          "Username": "User2",
          "Comment": "The story and acting are both fantastic. A must-watch!"
        }
      ]
    },
    {
      "Movie_ID": "153",
      "Movie_Name": "Killa",
      "Movie_Image": "https://upload.wikimedia.org/wikipedia/en/e/e1/Killa_Film_Poster.jpg",
      "Movie_Cast": [
        "Archit Deodhar",
        "Parth Bhalerao",
        "Gaurish Gawade",
        "Amruta Subhash"
      ],
      "Movie_Year": 2014,
      "Movie_Link": "example.com/killa",
      "Movie_Poster": "https://akamaividz2.zee5.com/image/upload/w_1170,h_658,c_scale,f_webp,q_auto:eco/resources/0-0-killa/list/1170x658withlogo30115517.jpg",
      "Movie_Language": "Marathi",
      "Movie_Genre": [
        "Drama",
        "Family"
      ],
      "Movie_Like": 1200,
      "Movie_Views": 3000,
      "Movie_Comment": [
        {
          "Username": "User1",
          "Comment": "Killa is a beautifully crafted movie that captures the innocence of childhood perfectly."
        },
        {
          "Username": "User2",
          "Comment": "The performances by the child actors are amazing. A heartwarming movie that will leave you with a smile."
        }
      ]
    },
    {
      "Movie_ID": "154",
      "Movie_Name": "Balak Palak",
      "Movie_Image": "https://www.filmiclub.com/resource/img/photo/movie/m44972580903d931a49.jpg",
      "Movie_Cast": [
        "Subodh Bhave",
        "Anand Ingale",
        "Kishore Kadam",
        "Amruta Khanvilkar",
        "Sai Tamhankar"
      ],
      "Movie_Year": 2013,
      "Movie_Link": "example.com/balak-palak",
      "Movie_Poster": "https://s2.dmcdn.net/v/3DeAh1LOPXZcqI3AH/x1080",
      "Movie_Language": "Marathi",
      "Movie_Genre": [
        "Comedy",
        "Drama"
      ],
      "Movie_Like": 500,
      "Movie_Views": 750,
      "Movie_Comment": [
        {
          "Username": "User1",
          "Comment": "A thought-provoking movie with a great message."
        },
        {
          "Username": "User2",
          "Comment": "Excellent performances by the cast, especially Subodh Bhave."
        }
      ]
    },
    {
      "Movie_ID": "155",
      "Movie_Name": "Deool",
      "Movie_Image": "https://i1.wp.com/bestoftheyear.in/wp-content/uploads/2018/10/deool.jpg?fit=400%2C577&ssl=1",
      "Movie_Cast": [
        "Nana Patekar",
        "Sonali Kulkarni",
        "Dilip Prabhavalkar"
      ],
      "Movie_Year": 2011,
      "Movie_Link": "https://www.imdb.com/title/tt2082176/",
      "Movie_Poster": "https://images.hungama.com/c/1/bec/8d5/20954632/20954632_1280x800.jpg",
      "Movie_Language": "Marathi",
      "Movie_Genre": [
        "Drama",
        "Spiritual"
      ],
      "Movie_Like": 2500,
      "Movie_Views": 5000,
      "Movie_Comment": [
        {
          "Username": "User1",
          "Comment": "This is one of the best Marathi movies I've seen. The story is engaging and the performances are outstanding."
        },
        {
          "Username": "User2",
          "Comment": "Deool is a masterpiece. It tackles important issues and delivers a strong message. Highly recommend."
        }
      ]
    },
    {
      "Movie_ID": "156",
      "Movie_Name": "Shwaas",
      "Movie_Image": "https://media-cache.cinematerial.com/p/500x/x6dc6wml/shwaas-indian-movie-cover.jpg?v=1538581358",
      "Movie_Cast": [
        "Arun Nalawade",
        "Ashwin Chitale",
        "Sandeep Kulkarni",
        "Amruta Subhash"
      ],
      "Movie_Director": "Sandip Sawant",
      "Movie_Writer": "Girish Pandurang Kulkarni",
      "Movie_Year": 2004,
      "Movie_Link": "example.com/shwaas",
      "Movie_Poster": "https://static.toiimg.com/photo/65428387.cms",
      "Movie_Language": "Marathi",
      "Movie_Genre": [
        "Drama"
      ],
      "Movie_Like": 500,
      "Movie_Views": 750,
      "Movie_Comment": [
        {
          "Username": "User1",
          "Comment": "This movie is a masterpiece, a must-watch for everyone!"
        },
        {
          "Username": "User2",
          "Comment": "The acting and storytelling in this movie are exceptional!"
        }
      ]
    },
    {
      "Movie_ID": "157",
      "Movie_Name": "Natrang",
      "Movie_Image": "https://www.filmapia.com/media/images/films/posters/Natrang-Main-826b7dd47770ecea97290814cf3e993f.jpg",
      "Movie_Cast": [
        "Atul Kulkarni",
        "Sonalee Kulkarni",
        "Kishor Kadam"
      ],
      "Movie_Year": 2010,
      "Movie_Link": "https://en.wikipedia.org/wiki/Natrang",
      "Movie_Poster": "https://madaboutmoviez.files.wordpress.com/2011/12/3349-2762-natrang.jpg",
      "Movie_Language": "Marathi",
      "Movie_Genre": [
        "Drama",
        "Musical"
      ],
      "Movie_Like": 1500,
      "Movie_Views": 2000,
      "Movie_Comment": [
        {
          "Username": "User1",
          "Comment": "Beautifully crafted movie with mesmerizing songs."
        },
        {
          "Username": "User2",
          "Comment": "Atul Kulkarni's performance was outstanding."
        }
      ]
    },
    {
      "Movie_ID": "158",
      "Movie_Name": "Ventilator",
      "Movie_Image": "https://m.media-amazon.com/images/M/MV5BYTEzYWRjYjktYzg0ZC00NmIwLTg2ZjEtZjZmMmRkOGJmYjJhXkEyXkFqcGdeQXVyNTUyMTYwMDI@._V1_.jpg",
      "Movie_Cast": [
        "Jitendra Joshi",
        "Ashutosh Gowariker",
        "Sukanya Kulkarni-Mone"
      ],
      "Movie_Year": 2016,
      "Movie_Link": "example.com/ventilator",
      "Movie_Poster": "https://assets-in.bmscdn.com/discovery-catalog/events/tr:w-750,h-550/et00070227-babufkszmn-landscape.jpg",
      "Movie_Language": "Marathi",
      "Movie_Genre": [
        "Drama",
        "Comedy"
      ],
      "Movie_Like": 500,
      "Movie_Views": 800,
      "Movie_Comment": [
        {
          "Username": "User1",
          "Comment": "One of the best Marathi movies I've seen. The cast and story are amazing!"
        },
        {
          "Username": "User2",
          "Comment": "Loved the emotional moments and humor in this movie. Highly recommend it."
        }
      ]
    },
    {
      "Movie_ID": "159",
      "Movie_Name": "Nadi Vahate",
      "Movie_Image": "https://marathimovieworld.com/images/nadi-vahate-marathi-film-poster.jpg",
      "Movie_Cast": [
        "Keshavrao Date",
        "Asha Kale",
        "Sulochana Chatterjee",
        "Madhukar Toradmal"
      ],
      "Movie_Year": 1967,
      "Movie_Link": "example.com/nadivahate",
      "Movie_Poster": "https://assets-in.bmscdn.com/iedb/movies/images/mobile/listing/xxlarge/nadi-vahate-et00062389-20-09-2017-07-03-15.jpg",
      "Movie_Language": "Marathi",
      "Movie_Genre": [
        "Drama",
        "Romance"
      ],
      "Movie_Like": 500,
      "Movie_Views": 1000,
      "Movie_Comment": [
        {
          "Username": "User1",
          "Comment": "A classic Marathi film, beautifully directed and acted."
        },
        {
          "Username": "User2",
          "Comment": "The music in this movie is amazing!"
        }
      ]
    },
    {
      "Movie_ID": "160",
      "Movie_Name": "Katyar Kaljat Ghusali",
      "Movie_Image": "http://timesofindia.indiatimes.com/photo/61244616.cms",
      "Movie_Cast": [
        "Shankar Mahadevan",
        "Subodh Bhave",
        "Sachin Pilgaonkar",
        "Amruta Khanvilkar"
      ],
      "Movie_Year": 2015,
      "Movie_Link": "https://en.wikipedia.org/wiki/Katyar_Kaljat_Ghusali_(film)",
      "Movie_Poster": "https://i.ytimg.com/vi/A3i_fwWeIXA/maxresdefault.jpg",
      "Movie_Language": "Marathi",
      "Movie_Genre": [
        "Musical",
        "Drama"
      ],
      "Movie_Like": 1200,
      "Movie_Views": 1500,
      "Movie_Comment": [
        {
          "Username": "User1",
          "Comment": "Amazing musical movie!"
        },
        {
          "Username": "User2",
          "Comment": "Loved the performances and music"
        }
      ]
    },
    {
      "Movie_ID": "161",
      "Movie_Name": "Mahanagar",
      "Movie_Image": "https://cdn.shopify.com/s/files/1/0969/9128/products/Bengali_Movie_Art_Poster_-_Mahanagar_-_A_Grande_Cidade_-_Satyajit_Ray_Collection.jpg?v=1570088718",
      "Movie_Cast": [
        "Madhabi Mukherjee",
        "Anil Chatterjee",
        "Jaya Bhaduri"
      ],
      "Movie_Year": 1963,
      "Movie_Link": "example.com/mahanagar",
      "Movie_Poster": "https://m.media-amazon.com/images/W/IMAGERENDERING_521856-T1/images/I/61HoC9aCQ7L._SL1100_.jpg",
      "Movie_Language": "Hindi",
      "Movie_Genre": [
        "Drama"
      ],
      "Movie_Like": 500,
      "Movie_Views": 750,
      "Movie_Comment": [
        {
          "Username": "User1",
          "Comment": "Excellent movie, one of the best Bengali films ever made!"
        },
        {
          "Username": "User2",
          "Comment": "The acting and storytelling in this movie are outstanding. Highly recommend!"
        }
      ]
    },
    {
      "Movie_ID": "162",
      "Movie_Name": "Mee Shivajiraje Bhosale Boltoy",
      "Movie_Image": "http://timesofindia.indiatimes.com/photo/61242586.cms",
      "Movie_Cast": [
        "Sachin Khedekar",
        "Mahesh Manjrekar",
        "Makrand Anaspure",
        "Siddarth Jadhav"
      ],
      "Movie_Year": 2009,
      "Movie_Link": "example.com/mee-shivajiraje-bhosale-boltoy",
      "Movie_Poster": "https://origin-staticv2.sonyliv.com/landscape_thumb/Mee-Shivajiraje-Bhosale-Boltoy_landscape_thumb.jpg",
      "Movie_Language": "Marathi",
      "Movie_Genre": [
        "Drama",
        "Comedy"
      ],
      "Movie_Like": 500,
      "Movie_Views": 800,
      "Movie_Comment": [
        {
          "Username": "User1",
          "Comment": "Amazing movie, great performances by the actors!"
        },
        {
          "Username": "User2",
          "Comment": "One of the best Marathi movies I've seen. Highly recommended!"
        }
      ]
    },
    {
      "Movie_ID": "163",
      "Movie_Name": "Shala",
      "Movie_Image": "https://img1.hotstarext.com/image/upload/f_auto,t_hcdl/sources/r1/cms/prod/old_images/MOVIE/4548/1000014548/1000014548-h",
      "Movie_Cast": [
        "Anshuman Joshi",
        "Ketaki Mategaonkar",
        "Kamlakar Satpute"
      ],
      "Movie_Year": 2012,
      "Movie_Link": "https://www.imdb.com/title/tt2234929/",
      "Movie_Poster": "https://img1.hotstarext.com/image/upload/f_auto,t_hcdl/sources/r1/cms/prod/old_images/MOVIE/4548/1000014548/1000014548-h",
      "Movie_Language": "Marathi",
      "Movie_Genre": [
        "Drama",
        "Romance"
      ],
      "Movie_Like": 500,
      "Movie_Views": 800,
      "Movie_Comment": [
        {
          "Username": "User1",
          "Comment": "Beautiful story, well acted"
        },
        {
          "Username": "User2",
          "Comment": "One of my favorite Marathi movies!"
        }
      ]
    },
    {
      "Movie_ID": "164",
      "Movie_Name": "Jogwa",
      "Movie_Image": "https://image.airtel.tv/SONYLIV_VOD/SONYLIV_VOD_MOVIE_1000007723/PORTRAIT/5741103346001.jpg",
      "Movie_Cast": [
        "Upendra Limaye",
        "Mukta Barve",
        "Vinay Apte"
      ],
      "Movie_Year": 2009,
      "Movie_Link": "example.com/jogwa",
      "Movie_Poster": "https://image.airtel.tv/SONYLIV_VOD/SONYLIV_VOD_MOVIE_1000007723/PORTRAIT/5741103346001.jpg",
      "Movie_Language": "Marathi",
      "Movie_Genre": [
        "Drama",
        "Romance"
      ],
      "Movie_Like": 1200,
      "Movie_Views": 1500,
      "Movie_Comment": [
        {
          "Username": "User1",
          "Comment": "One of the best Marathi movies I've seen!"
        },
        {
          "Username": "User2",
          "Comment": "Great performances by the lead actors."
        }
      ]
    },
    {
      "Movie_ID": "165",
      "Movie_Name": "Timepass",
      "Movie_Image": "https://e1.pxfuel.com/desktop-wallpaper/390/793/desktop-wallpaper-time-pass-timepass-movie-thumbnail.jpg",
      "Movie_Cast": [
        "Prathamesh Parab",
        "Ketaki Mategaonkar"
      ],
      "Movie_Year": 2014,
      "Movie_Link": "example.com/timepass",
      "Movie_Poster": "https://cdn1.marathistars.com/wp-content/uploads/2013/09/Timepass-Marathi-Movie-First-Look-Logo.jpg",
      "Movie_Language": "Marathi",
      "Movie_Genre": [
        "Romance",
        "Comedy"
      ],
      "Movie_Like": 1500,
      "Movie_Views": 2000,
      "Movie_Comment": [
        {
          "Username": "User1",
          "Comment": "This is such a fun movie to watch!"
        },
        {
          "Username": "User2",
          "Comment": "Loved the chemistry between the two leads!"
        }
      ]
    },
    {
      "Movie_ID": "166",
      "Movie_Name": "Mumbai Pune Mumbai",
      "Movie_Image": "https://images.hungama.com/c/1/f0c/c51/20217598/20217598_1280x800.jpg",
      "Movie_Cast": [
        "Swapnil Joshi",
        "Mukta Barve"
      ],
      "Movie_Year": 2010,
      "Movie_Link": "example.com/mumbaipunemumbai",
      "Movie_Poster": "https://images.hungama.com/c/1/f0c/c51/20217598/20217598_1280x800.jpg",
      "Movie_Language": "Marathi",
      "Movie_Genre": [
        "Romance",
        "Comedy"
      ],
      "Movie_Like": 1200,
      "Movie_Views": 1800,
      "Movie_Comment": [
        {
          "Username": "User1",
          "Comment": "This is such a cute movie!"
        },
        {
          "Username": "User2",
          "Comment": "The lead pair has amazing chemistry!"
        }
      ]
    },
    {
      "Movie_ID": "167",
      "Movie_Name": "Dombivali Fast",
      "Movie_Image": "https://marathimovieworld.com/images/dombivali-fast-marathi-movie-poster.jpg",
      "Movie_Cast": [
        "Sandeep Kulkarni",
        "Shilpa Tulaskar",
        "Sandesh Jadhav",
        "Siddharth Jadhav"
      ],
      "Movie_Year": 2005,
      "Movie_Link": "example.com/movie/dombivali-fast",
      "Movie_Poster": "https://images-na.ssl-images-amazon.com/images/W/IMAGERENDERING_521856-T1/images/S/pv-target-images/01b35980786f7749f3e547a196bc7a8d15c48bc68c398ffde0d3d171bb135946._RI_.jpg",
      "Movie_Language": "Marathi",
      "Movie_Genre": [
        "Drama",
        "Thriller"
      ],
      "Movie_Like": 500,
      "Movie_Views": 750,
      "Movie_Comment": [
        {
          "Username": "User1",
          "Comment": "One of the best Marathi movies I have seen!"
        },
        {
          "Username": "User2",
          "Comment": "Sandeep Kulkarni's acting was outstanding!"
        }
      ]
    },
    {
      "Movie_ID": "168",
      "Movie_Name": "Yellow",
      "Movie_Image": "https://cdn1.marathistars.com/wp-content/uploads/2014/03/Yellow-Marathi-Movie-Poster.jpg",
      "Movie_Cast": [
        "Mrinal Kulkarni",
        "Hrishikesh Joshi",
        "Uupendra Limaye"
      ],
      "Movie_Year": 2014,
      "Movie_Link": "example.com/yellow",
      "Movie_Poster": "https://akamaividz2.zee5.com/image/upload/w_1170,h_658,c_scale,f_webp,q_auto:eco/resources/0-0-7984/list/1170x658451716978.jpg",
      "Movie_Language": "Marathi",
      "Movie_Genre": [
        "Drama"
      ],
      "Movie_Like": 500,
      "Movie_Views": 800,
      "Movie_Comment": [
        {
          "Username": "User1",
          "Comment": "An emotionally charged drama that will leave you moved."
        },
        {
          "Username": "User2",
          "Comment": "Great performances by the lead cast!"
        }
      ]
    },
    {
      "Movie_ID": "169",
      "Movie_Name": "Ratra Aarambh",
      "Movie_Image": "https://m.media-amazon.com/images/M/MV5BZjRmZGUxZjItNDAzNi00M2JlLTg0MjAtZWFiYmNiMmQ3NTBhXkEyXkFqcGdeQXVyMzExNTgwNDg@._V1_UY1200_CR238,0,630,1200_AL_.jpg",
      "Movie_Cast": [
        "Mohan Agashe",
        "Sonali Kulkarni",
        "Smita Talwalkar"
      ],
      "Movie_Year": 1999,
      "Movie_Link": "example.com/ratra-aarambh",
      "Movie_Poster": "https://static.toiimg.com/thumb/msid-61020115/61020115.jpg?width=500&resizemode=4",
      "Movie_Language": "Marathi",
      "Movie_Genre": [
        "Drama",
        "Thriller"
      ],
      "Movie_Like": 250,
      "Movie_Views": 400,
      "Movie_Comment": [
        {
          "Username": "User1",
          "Comment": "A classic thriller with great performances!"
        },
        {
          "Username": "User2",
          "Comment": "The suspense in this movie kept me on the edge of my seat!"
        }
      ]
    },
    {
      "Movie_ID": "170",
      "Movie_Name": "Valu",
      "Movie_Image": "https://m.media-amazon.com/images/M/MV5BZTk2OWI2OGQtMDY4NC00YzBhLWJhOWQtYjYxNmU3MDE4NGJjXkEyXkFqcGdeQXVyNDU5MzA2NzI@._V1_QL75_UY281_CR155,0,190,281_.jpg",
      "Movie_Cast": [
        "Atul Kulkarni",
        "Mohit Gokhale",
        "Sagar Deshmukh",
        "Bharat Jadhav",
        "Nagesh Bhosle"
      ],
      "Movie_Year": 2008,
      "Movie_Link": "https://en.wikipedia.org/wiki/Valu_(film)",
      "Movie_Poster": "https://images.hungama.com/c/1/915/233/20606565/20606565_1280x800.jpg",
      "Movie_Language": "Marathi",
      "Movie_Genre": [
        "Comedy",
        "Drama"
      ],
      "Movie_Like": 500,
      "Movie_Views": 800,
      "Movie_Comment": [
        {
          "Username": "User1",
          "Comment": "A hilarious movie with great performances!"
        },
        {
          "Username": "User2",
          "Comment": "Loved the way the cow is portrayed as a character!"
        }
      ]
    },
    {
      "Movie_ID": "171",
      "Movie_Name": "Pak Pak Pakaak",
      "Movie_Image": "https://m.media-amazon.com/images/M/MV5BNmI2ODU2Y2QtNzVmMC00YWQ0LTgzMGItMjg0NjUwNzRmYjcwXkEyXkFqcGdeQXVyMTgwMjgwMjM@._V1_.jpg",
      "Movie_Cast": [
        "Saksham Kulkarni",
        "Nishith Dadhich",
        "Sachin Khedekar",
        "Vandana Gupte",
        "Ashok Saraf"
      ],
      "Movie_Year": 2005,
      "Movie_Link": "https://en.wikipedia.org/wiki/Pak_Pak_Pakak",
      "Movie_Poster": "https://i.ytimg.com/vi/2T_NQ0AV9sk/sddefault.jpg",
      "Movie_Language": "Marathi",
      "Movie_Genre": [
        "Comedy",
        "Drama"
      ],
      "Movie_Like": 300,
      "Movie_Views": 600,
      "Movie_Comment": [
        {
          "Username": "User1",
          "Comment": "A fun movie for kids and adults alike!"
        },
        {
          "Username": "User2",
          "Comment": "Sachin Khedekar is great as the villain!"
        }
      ]
    },
    {
      "Movie_ID": "172",
      "Movie_Name": "Rang De Basanti",
      "Movie_Image": "https://i.pinimg.com/originals/51/4c/c0/514cc0919f7e65aa9935f97417ac6984.jpg",
      "Movie_Cast": [
        "Aamir Khan",
        "Siddharth",
        "Sharman Joshi",
        "Kunal Kapoor",
        "Alice Patten"
      ],
      "Movie_Year": 2006,
      "Movie_Link": "https://www.imdb.com/title/tt0405508/",
      "Movie_Poster": "https://i.pinimg.com/originals/51/4c/c0/514cc0919f7e65aa9935f97417ac6984.jpg",
      "Movie_Language": "Hindi",
      "Movie_Genre": [
        "Drama",
        "History",
        "Thriller"
      ],
      "Movie_Like": 1500,
      "Movie_Views": 2000,
      "Movie_Comment": [
        {
          "Username": "User1",
          "Comment": "This is one of my all-time favorite movies! Highly recommended!"
        },
        {
          "Username": "User2",
          "Comment": "The acting is superb, the story is powerful, and the music is fantastic. A must-see movie!"
        }
      ]
    },
    {
      "Movie_ID": "173",
      "Movie_Name": "Aapla Manus",
      "Movie_Image": "https://shemaroomarathibana.com/wp-content/uploads/aapla-manus-1.jpg",
      "Movie_Cast": [
        "Nana Patekar",
        "Sumeet Raghavan",
        "Iravati Harshe",
        "Ajit Parab"
      ],
      "Movie_Year": 2018,
      "Movie_Link": "https://www.imdb.com/title/tt7470810/",
      "Movie_Poster": "https://i.ytimg.com/vi/ev-cvOyLMqE/hqdefault.jpg",
      "Movie_Language": "Marathi",
      "Movie_Genre": [
        "Drama",
        "Thriller"
      ],
      "Movie_Like": 800,
      "Movie_Views": 1200,
      "Movie_Comment": [
        {
          "Username": "User1",
          "Comment": "Nana Patekar delivers an outstanding performance in this gripping drama!"
        },
        {
          "Username": "User2",
          "Comment": "A thought-provoking movie that keeps you on the edge of your seat. Highly recommended!"
        }
      ]
    },
    {
      "Movie_ID": "174",
      "Movie_Name": "Ringan",
      "Movie_Image": "https://assets-in.bmscdn.com/discovery-catalog/events/tr:w-250,h-390/et00057534-awjewymmtd-portrait.jpg",
      "Movie_Cast": [
        "Shashank Shende",
        "Sahil Joshi",
        "Suhas Palshikar"
      ],
      "Movie_Year": 2017,
      "Movie_Link": "example.com/ringan",
      "Movie_Poster": "https://assets-in.bmscdn.com/iedb/movies/images/mobile/listing/xxlarge/ringan-et00057534-22-05-2017-07-06-49.jpg",
      "Movie_Language": "Marathi",
      "Movie_Genre": [
        "Drama"
      ],
      "Movie_Like": 800,
      "Movie_Views": 1200,
      "Movie_Comment": [
        {
          "Username": "User1",
          "Comment": "Very touching movie, loved it!"
        },
        {
          "Username": "User2",
          "Comment": "Amazing performances by the actors!"
        }
      ]
    },
    {
      "Movie_ID": "175",
      "Movie_Name": "Lai Bhaari",
      "Movie_Image": "https://e1.pxfuel.com/desktop-wallpaper/644/943/desktop-wallpaper-lai-bhaari-lai-bhari-thumbnail.jpg",
      "Movie_Cast": [
        "Riteish Deshmukh",
        "Sharad Kelkar",
        "Tanvi Azmi"
      ],
      "Movie_Year": 2014,
      "Movie_Link": "example.com/laibhaari",
      "Movie_Poster": "https://wallpapercave.com/wp/wp8403021.jpg",
      "Movie_Language": "Marathi",
      "Movie_Genre": [
        "Action",
        "Drama"
      ],
      "Movie_Like": 1500,
      "Movie_Views": 2500,
      "Movie_Comment": [
        {
          "Username": "User1",
          "Comment": "Awesome movie, loved Riteish's performance!"
        },
        {
          "Username": "User2",
          "Comment": "Great story and action scenes!"
        },
        {
          "Username": "User3",
          "Comment": "One of the best Marathi movies I've seen!"
        }
      ]
    },
    {
      "Movie_ID": "176",
      "Movie_Name": "Fugay",
      "Movie_Image": "https://cdn.cinematerial.com/p/297x/mwoawet8/fugay-indian-movie-poster-md.jpg?v=1505074095",
      "Movie_Cast": [
        "Swwapnil Joshi",
        "Subodh Bhave",
        "Prarthana Behere"
      ],
      "Movie_Year": 2017,
      "Movie_Link": "https://en.wikipedia.org/wiki/Fugay",
      "Movie_Poster": "https://assets-in.bmscdn.com/iedb/movies/images/mobile/listing/xxlarge/fugay-et00049071-11-11-2016-08-47-55.jpg",
      "Movie_Language": "Marathi",
      "Movie_Genre": [
        "Comedy",
        "Drama"
      ],
      "Movie_Like": 800,
      "Movie_Views": 1000,
      "Movie_Comment": [
        {
          "Username": "User1",
          "Comment": "Hilarious movie, loved it!"
        },
        {
          "Username": "User2",
          "Comment": "Great performances by Swwapnil Joshi and Subodh Bhave."
        }
      ]
    },
    {
      "Movie_ID": "177",
      "Movie_Name": "Savarkhed: Ek Gaav",
      "Movie_Image": "https://m.media-amazon.com/images/M/MV5BMGE0OGQxODktMTcyMi00OTQ5LWE2OGUtMTdlMjlhYTQ1NDUzXkEyXkFqcGdeQXVyNjgyOTU0ODU@._V1_.jpg",
      "Movie_Cast": [
        "Bharat Jadhav",
        "Vikram Gokhale",
        "Mohan Agashe"
      ],
      "Movie_Year": 2004,
      "Movie_Link": "https://en.wikipedia.org/wiki/Savarkhed:_Ek_Gaav",
      "Movie_Poster": "https://m.media-amazon.com/images/M/MV5BMTYwOGRmNjEtZmJmMi00NzhjLWIyOTItNzEyNjE3NTgzNDBkXkEyXkFqcGdeQXVyODc3MDA4Mjg@._V1_.jpg",
      "Movie_Language": "Marathi",
      "Movie_Genre": [
        "Drama",
        "Action"
      ],
      "Movie_Like": 600,
      "Movie_Views": 800,
      "Movie_Comment": [
        {
          "Username": "User1",
          "Comment": "Powerful performances and a great storyline."
        },
        {
          "Username": "User2",
          "Comment": "One of the best Marathi movies of all time."
        }
      ]
    },
    {
      "Movie_ID": "178",
      "Movie_Name": "Natyanchaatak Lagnala Yaychach",
      "Movie_Image": "https://cdn1.marathistars.com/wp-content/uploads/2017/01/Prajakta-mali-as-Nakti-Nupur-Zee-marathi-Serial.jpg",
      "Movie_Cast": [
        "Laxmikant Berde",
        "Nivedita Joshi-Saraf",
        "Sharad Talwalkar"
      ],
      "Movie_Year": 1987,
      "Movie_Link": "example.com/natyanchaatak-lagnala-yaychach",
      "Movie_Poster": "https://1.bp.blogspot.com/-KUFfWvRWIZc/WH68PsdoX9I/AAAAAAAABFU/pUZ_T3wPtHAOikalDPwMPo-Q9KfHOI4xACLcB/w1200-h630-p-k-no-nu/Naktichya%2BLagnala%2BYaycha%2BHa%2BTv%2BSerial.jpg",
      "Movie_Language": "Marathi",
      "Movie_Genre": [
        "Comedy",
        "Drama"
      ],
      "Movie_Like": 500,
      "Movie_Views": 750,
      "Movie_Comment": [
        {
          "Username": "User1",
          "Comment": "One of the best Marathi comedies of all time!"
        },
        {
          "Username": "User2",
          "Comment": "Laxmikant Berde steals the show in this movie!"
        }
      ]
    },
    {
      "Movie_ID": "179",
      "Movie_Name": "Sakharam Binder",
      "Movie_Image": "https://m.media-amazon.com/images/M/MV5BMTU5MTcxMzQ4N15BMl5BanBnXkFtZTgwMzYwNjk3MDI@._V1_FMjpg_UX1000_.jpg",
      "Movie_Cast": [
        "Anant Nag",
        "Smita Patil",
        "Girish Karnad"
      ],
      "Movie_Year": 1972,
      "Movie_Link": "example.com/sakharam-binder",
      "Movie_Poster": "https://i.pinimg.com/originals/70/e8/1a/70e81a50f3ea2ea032f0eaf1cc813d8f.jpg",
      "Movie_Language": "Hindi",
      "Movie_Genre": [
        "Drama"
      ],
      "Movie_Like": 250,
      "Movie_Views": 500,
      "Movie_Comment": [
        {
          "Username": "User1",
          "Comment": "Powerful performances by the cast, especially Smita Patil."
        },
        {
          "Username": "User2",
          "Comment": "A thought-provoking movie that stays with you long after it's over."
        }
      ]
    },
    {
      "Movie_ID": "180",
      "Movie_Name": "Ti Ani Itar",
      "Movie_Image": "https://m.media-amazon.com/images/M/MV5BZGFhYzczYjItNTUzYS00ZmRlLWI0ZDgtZjhlYzQzN2IwYjVhXkEyXkFqcGdeQXVyMzM3MTI3NzA@._V1_FMjpg_UX1000_.jpg",
      "Movie_Cast": [
        "Subodh Bhave",
        "Sonali Kulkarni",
        "Amruta Khanvilkar"
      ],
      "Movie_Year": 2017,
      "Movie_Link": "example.com/ti-ani-itar",
      "Movie_Poster": "https://cdn1.marathistars.com/wp-content/uploads/2017/07/Ti-Ani-Itar-Marathi-Movie.jpg",
      "Movie_Language": "Marathi",
      "Movie_Genre": [
        "Drama"
      ],
      "Movie_Like": 500,
      "Movie_Views": 1000,
      "Movie_Comment": [
        {
          "Username": "User2",
          "Comment": "Great acting by the lead actors!"
        },
        {
          "Username": "User3",
          "Comment": "Very touching story, loved it."
        }
      ]
    },
    {
      "Movie_ID": "181",
      "Movie_Name": "Astu",
      "Movie_Image": "https://static.toiimg.com/photo/61243309.cms",
      "Movie_Cast": [
        "Mohan Agashe",
        "Iravati Harshe",
        "Amruta Subhash"
      ],
      "Movie_Year": 2013,
      "Movie_Link": "example.com/astu",
      "Movie_Poster": "https://static.toiimg.com/photo/msid-39422629/39422629.jpg?64860",
      "Movie_Language": "Marathi",
      "Movie_Genre": [
        "Drama"
      ],
      "Movie_Like": 800,
      "Movie_Views": 1200,
      "Movie_Comment": [
        {
          "Username": "User4",
          "Comment": "A masterpiece, loved it!"
        },
        {
          "Username": "User5",
          "Comment": "Amazing performances by the cast."
        }
      ]
    },
    {
      "Movie_ID": "182",
      "Movie_Name": "Farzand",
      "Movie_Image": "https://e1.pxfuel.com/desktop-wallpaper/763/622/desktop-wallpaper-farzand-thumbnail.jpg",
      "Movie_Cast": [
        "Mrinal Kulkarni",
        "Chinmay Mandlekar",
        "Neha Joshi"
      ],
      "Movie_Year": 2018,
      "Movie_Link": "https://en.wikipedia.org/wiki/Farzand_(film)",
      "Movie_Poster": "https://e1.pxfuel.com/desktop-wallpaper/644/791/desktop-wallpaper-grand-poster-excites-the-audiences-even-marathistars-farzand.jpg",
      "Movie_Language": "Marathi",
      "Movie_Genre": [
        "Action",
        "History"
      ],
      "Movie_Like": 500,
      "Movie_Views": 750,
      "Movie_Comment": [
        {
          "Username": "User1",
          "Comment": "An amazing movie! The performances were outstanding."
        },
        {
          "Username": "User2",
          "Comment": "Great storytelling and direction. Highly recommended."
        }
      ]
    },
    {
      "Movie_ID": "183",
      "Movie_Name": "Lokmanya: Ek Yug Purush",
      "Movie_Image": "https://cdn1.marathistars.com/wp-content/uploads/2014/08/Lokmanya-Ek-Yugpurush-Marathi-Movie-Poster.jpg",
      "Movie_Cast": [
        "Subodh Bhave",
        "Chinmay Mandlekar",
        "Priya Bapat"
      ],
      "Movie_Year": 2015,
      "Movie_Link": "https://en.wikipedia.org/wiki/Lokmanya:_Ek_Yug_Purush",
      "Movie_Poster": "https://magnificentmaharashtra.files.wordpress.com/2015/01/lokmanya2.jpg",
      "Movie_Language": "Marathi",
      "Movie_Genre": [
        "Biography",
        "Drama"
      ],
      "Movie_Like": 800,
      "Movie_Views": 1000,
      "Movie_Comment": [
        {
          "Username": "User1",
          "Comment": "Subodh Bhave was phenomenal in this movie. A must-watch for every Indian."
        },
        {
          "Username": "User2",
          "Comment": "I was inspired by the story of Bal Gangadhar Tilak. A great tribute to a great leader."
        },
        {
          "Username": "User3",
          "Comment": "Excellent direction and cinematography. Highly recommended."
        }
      ]
    },
    {
      "Movie_ID": "184",
      "Movie_Name": "Tingya",
      "Movie_Image": "https://m.media-amazon.com/images/M/MV5BZDFiZDJiZDktZmRmMS00YTk2LTkyNTUtNjE1ZGMwNGUxNDIxXkEyXkFqcGdeQXVyMTg3MzgxNjM@._V1_.jpg",
      "Movie_Cast": [
        "Sharad Goekar",
        "Sahil Joshi",
        "Arati More"
      ],
      "Movie_Year": 2008,
      "Movie_Link": "example.com/tingya",
      "Movie_Poster": "https://akamaividz2.zee5.com/image/upload/w_1170,h_658,c_scale,f_webp,q_auto:eco/resources/0-0-tingya/list/tingya740x416.jpg",
      "Movie_Language": "Marathi",
      "Movie_Genre": [
        "Drama"
      ],
      "Movie_Like": 750,
      "Movie_Views": 1000,
      "Movie_Comment": [
        {
          "Username": "User1",
          "Comment": "Powerful movie with great performances."
        },
        {
          "Username": "User2",
          "Comment": "Loved the way the story unfolded, heart-warming and poignant."
        }
      ]
    },
    {
      "Movie_ID": "185",
      "Movie_Name": "Half Ticket",
      "Movie_Image": "https://m.media-amazon.com/images/M/MV5BMWVjN2FkMDAtZDI4ZC00YmNiLTlkOTgtZjU5YTRjYjBjYTVhXkEyXkFqcGdeQXVyMTczODAxMDI@._V1_.jpg",
      "Movie_Cast": [
        "Shubham More",
        "Vinayak Potdar",
        "Priyanka Bose"
      ],
      "Movie_Year": 2016,
      "Movie_Link": "example.com/half-ticket",
      "Movie_Poster": "https://m.media-amazon.com/images/M/MV5BNjEzZjA1MTUtMjJiNi00ZDJlLThiZTUtZjE1OGU1OTQ3ODU3XkEyXkFqcGdeQXVyMTczODAxMDI@._V1_.jpg",
      "Movie_Language": "Marathi",
      "Movie_Genre": [
        "Comedy",
        "Drama"
      ],
      "Movie_Like": 1200,
      "Movie_Views": 1500,
      "Movie_Comment": [
        {
          "Username": "User1",
          "Comment": "One of the funniest Marathi movies I've seen."
        },
        {
          "Username": "User2",
          "Comment": "Great story with heart-warming moments."
        },
        {
          "Username": "User3",
          "Comment": "A must-watch for all Marathi movie fans."
        }
      ]
    },
    {
      "Movie_ID": "186",
      "Movie_Name": "Mumbai Meri Jaan",
      "Movie_Image": "https://www.themoviedb.org/t/p/w500/pzxh642LtRJLpCksGjCdUk9aiIk.jpg",
      "Movie_Cast": [
        "R. Madhavan",
        "Soha Ali Khan",
        "Irrfan Khan",
        "Paresh Rawal"
      ],
      "Movie_Year": 2008,
      "Movie_Link": "https://en.wikipedia.org/wiki/Mumbai_Meri_Jaan",
      "Movie_Poster": "https://images.firstpost.com/wp-content/uploads/2020/08/mumbaimerijaan-poster-social.jpg",
      "Movie_Language": "Hindi",
      "Movie_Genre": [
        "Drama",
        "Thriller"
      ],
      "Movie_Like": 500,
      "Movie_Views": 750,
      "Movie_Comment": [
        {
          "Username": "User1",
          "Comment": "A powerful movie that captures the essence of Mumbai"
        },
        {
          "Username": "User2",
          "Comment": "One of the best movies based on the Mumbai terror attacks"
        }
      ]
    },
    {
      "Movie_ID": "187",
      "Movie_Name": "Kaccha Limbu",
      "Movie_Image": "http://timesofindia.indiatimes.com/photo/61259262.cms",
      "Movie_Cast": [
        "Sachin Khedekar",
        "Sonali Kulkarni",
        "Manmeet Pem"
      ],
      "Movie_Year": 2017,
      "Movie_Link": "https://en.wikipedia.org/wiki/Kaccha_Limbu",
      "Movie_Poster": "https://images.thequint.com/thequint/2017-08/c7a5cd20-395b-4edf-a102-c1bff07f0fce/0466b7e3-6c44-4fea-9809-f75131b08b02.png?auto=format,compress&fmt=webp&format=webp&w=1200&h=900&dpr=1.0",
      "Movie_Language": "Marathi",
      "Movie_Genre": [
        "Drama"
      ],
      "Movie_Like": 300,
      "Movie_Views": 400,
      "Movie_Comment": [
        {
          "Username": "User1",
          "Comment": "A poignant movie that deals with some important social issues"
        },
        {
          "Username": "User2",
          "Comment": "Sachin Khedekar delivers an outstanding performance in this movie"
        }
      ]
    },
    {
      "Movie_ID": "188",
      "Movie_Name": "Tu Tithe Mee",
      "Movie_Image": "https://m.media-amazon.com/images/W/IMAGERENDERING_521856-T1/images/I/71N8Z8FziqL._RI_.jpg",
      "Movie_Cast": [
        "Mohan Joshi",
        "Smita Jaykar",
        "Suhas Joshi",
        "Makarand Anaspure"
      ],
      "Movie_Year": 1998,
      "Movie_Link": "example.com/tutithemee",
      "Movie_Poster": "https://images.hungama.com/c/1/f57/38f/20954541/20954541_1280x800.jpeg",
      "Movie_Language": "Marathi",
      "Movie_Genre": [
        "Romance",
        "Drama"
      ],
      "Movie_Like": 500,
      "Movie_Views": 800,
      "Movie_Comment": [
        {
          "Username": "User1",
          "Comment": "One of the best Marathi movies I have watched!"
        },
        {
          "Username": "User2",
          "Comment": "Great performances by the cast!"
        }
      ]
    },
    {
      "Movie_ID": "189",
      "Movie_Name": "Double Seat",
      "Movie_Image": "https://cinemachaat.files.wordpress.com/2019/07/double-seat-poster.jpg",
      "Movie_Cast": [
        "Mukta Barve",
        "Ankush Choudhary",
        "Vandana Gupte",
        "Uday Tikekar"
      ],
      "Movie_Year": 2015,
      "Movie_Link": "example.com/doubleseat",
      "Movie_Poster": "https://www.nowrunning.com/content/movie/2015/Double-Seat-Stills/bg3.jpg",
      "Movie_Language": "Marathi",
      "Movie_Genre": [
        "Drama",
        "Romance"
      ],
      "Movie_Like": 1200,
      "Movie_Views": 1500,
      "Movie_Comment": [
        {
          "Username": "User1",
          "Comment": "Amazing chemistry between the lead actors!"
        },
        {
          "Username": "User2",
          "Comment": "Heartwarming story with great music!"
        },
        {
          "Username": "User3",
          "Comment": "One of the best Marathi movies of recent times!"
        }
      ]
    },
    {
      "Movie_ID": "190",
      "Movie_Name": "Jaundya Na Balasaheb",
      "Movie_Image": "https://bestoftheyear.in/wp-content/uploads/2018/08/jaundya-na-balasaheb.jpg",
      "Movie_Cast": [
        "Girish Kulkarni",
        "Sai Tamhankar",
        "Manava Naik"
      ],
      "Movie_Year": 2016,
      "Movie_Link": "https://en.wikipedia.org/wiki/Jaundya_Na_Balasaheb",
      "Movie_Poster": "https://img.youtube.com/vi/6fz2LnhQDPQ/hqdefault.jpg",
      "Movie_Language": "Marathi",
      "Movie_Genre": [
        "Comedy",
        "Drama"
      ],
      "Movie_Like": 500,
      "Movie_Views": 10000,
      "Movie_Comment": [
        {
          "Username": "User1",
          "Comment": "One of the funniest movies I've seen in Marathi!"
        },
        {
          "Username": "User2",
          "Comment": "Great performances by the entire cast."
        }
      ]
    },
    {
      "Movie_ID": "191",
      "Movie_Name": "Manus Ek Mati",
      "Movie_Image": "https://media-cache.cinematerial.com/p/500x/b2ksbput/manus-ek-mati-indian-movie-poster.jpg?v=1506549738",
      "Movie_Cast": [
        "Narendra Jha",
        "Dr. Vilas Ujavane",
        "Kadambari Kadam"
      ],
      "Movie_Year": 2017,
      "Movie_Link": "https://en.wikipedia.org/wiki/Manus_Ek_Mati",
      "Movie_Poster": "https://i2.cinestaan.com/image-bank/1500-1500/87001-88000/87383.jpg",
      "Movie_Language": "Marathi",
      "Movie_Genre": [
        "Drama",
        "Family"
      ],
      "Movie_Like": 300,
      "Movie_Views": 5000,
      "Movie_Comment": [
        {
          "Username": "User1",
          "Comment": "A touching story that explores family dynamics."
        },
        {
          "Username": "User2",
          "Comment": "Narendra Jha's performance was outstanding!"
        }
      ]
    },
    {
      "Movie_ID": "192",
      "Movie_Name": "Elizabeth Ekadashi",
      "Movie_Image": "https://pics.filmaffinity.com/Elizabeth_Ekadashi-141971352-large.jpg",
      "Movie_Cast": [
        "Shrirang Mahajan",
        "Sayali Bhandarkavathekar",
        "Nandita Dhuri",
        "Vanmala Kinikar",
        "Pushkar Lonarkar",
        "Savita Prabhune",
        "Nandu Madhav"
      ],
      "Movie_Year": 2014,
      "Movie_Link": "https://en.wikipedia.org/wiki/Elizabeth_Ekadashi",
      "Movie_Poster": "https://cdn.dnaindia.com/sites/default/files/styles/full/public/2014/11/13/283296-title-creative03.jpg",
      "Movie_Language": "Marathi",
      "Movie_Genre": [
        "Drama",
        "Comedy"
      ],
      "Movie_Like": 1280,
      "Movie_Views": 5600,
      "Movie_Comment": [
        {
          "Username": "User1",
          "Comment": "Heartwarming movie, loved it!"
        },
        {
          "Username": "User2",
          "Comment": "One of the best Marathi movies I have ever watched."
        }
      ]
    },
    {
      "Movie_ID": "193",
      "Movie_Name": "Tapaal",
      "Movie_Image": "https://images.moviebuff.com/1cad7455-6bd5-4f51-814b-e15529c249f5?w=500",
      "Movie_Cast": [
        "Rohit Utekar",
        "Veena Jamkar",
        "Nandu Madhav",
        "Urmila Kanetkar",
        "Milind Gunaji",
        "Yash Pandey",
        "Shivani Rangole",
        "Sarang Sathaye"
      ],
      "Movie_Year": 2014,
      "Movie_Link": "https://en.wikipedia.org/wiki/Tapaal_(film)",
      "Movie_Poster": "https://cdn1.marathistars.com/wp-content/uploads/2014/07/Tapaal-Marathi-Movie.jpg",
      "Movie_Language": "Marathi",
      "Movie_Genre": [
        "Drama"
      ],
      "Movie_Like": 900,
      "Movie_Views": 4300,
      "Movie_Comment": [
        {
          "Username": "User1",
          "Comment": "Excellent movie, must watch!"
        },
        {
          "Username": "User2",
          "Comment": "Great performances by the actors, loved it."
        }
      ]
    },
    {
      "Movie_ID": "194",
      "Movie_Name": "Mumbai Saga",
      "Movie_Image": "https://images.kinorium.com/movie/poster/2061326/w1500_47664855.jpg",
      "Movie_Cast": [
        "John Abraham",
        "Emraan Hashmi",
        "Suniel Shetty"
      ],
      "Movie_Year": 2021,
      "Movie_Link": "example.com/mumbaisaga",
      "Movie_Poster": "https://www.bollywoodhungama.com/wp-content/uploads/2021/03/Mumbai-Saga-3.jpg",
      "Movie_Language": "Hindi",
      "Movie_Genre": [
        "Action",
        "Crime",
        "Drama"
      ],
      "Movie_Like": 2500,
      "Movie_Views": 5000,
      "Movie_Comment": [
        {
          "Username": "User1",
          "Comment": "Great action movie with a gripping storyline!"
        },
        {
          "Username": "User2",
          "Comment": "The cast did a fantastic job, loved every bit of it!"
        }
      ]
    },
    {
      "Movie_ID": "195",
      "Movie_Name": "Anandi Gopal",
      "Movie_Image": "https://mir-s3-cdn-cf.behance.net/project_modules/max_1200/45f4cf122477973.60dad36d36ac5.jpeg",
      "Movie_Cast": [
        "Bhagyashree Milind",
        "Lalit Prabhakar",
        "Geetanjali Kulkarni"
      ],
      "Movie_Year": 2019,
      "Movie_Link": "example.com/anandigopal",
      "Movie_Poster": "https://i.ytimg.com/vi/FnZ1u-k_R3k/maxresdefault.jpg",
      "Movie_Language": "Marathi",
      "Movie_Genre": [
        "Biography",
        "Drama"
      ],
      "Movie_Like": 1500,
      "Movie_Views": 3000,
      "Movie_Comment": [
        {
          "Username": "User1",
          "Comment": "A beautiful and inspiring story, must watch for everyone!"
        },
        {
          "Username": "User2",
          "Comment": "Loved the performances and the direction, great movie overall!"
        }
      ]
    },
    {
      "Movie_ID": "196",
      "Movie_Name": "Baban",
      "Movie_Image": "https://cdn1.marathistars.com/wp-content/uploads/2018/03/Baban-marathi-movie-Poster.jpg",
      "Movie_Cast": [
        "Bhausaheb Shinde",
        "Gayatri Jadhav",
        "Abhay Chavan"
      ],
      "Movie_Year": 2018,
      "Movie_Link": "example.com/baban",
      "Movie_Poster": "https://images004-a.erosnow.com/movie/9/1063809/img945380/6986854/1063809_6986854.jpg",
      "Movie_Language": "Marathi",
      "Movie_Genre": [
        "Drama",
        "Romance"
      ],
      "Movie_Like": 500,
      "Movie_Views": 750,
      "Movie_Comment": [
        {
          "Username": "User1",
          "Comment": "Beautifully made movie, loved the storyline and the performances."
        },
        {
          "Username": "User2",
          "Comment": "Bhausaheb Shinde is a brilliant actor, he really brings his character to life in this movie."
        }
      ]
    },
    {
      "Movie_ID": "197",
      "Movie_Name": "Dhurala",
      "Movie_Image": "https://m.media-amazon.com/images/W/IMAGERENDERING_521856-T1/images/S/pv-target-images/5b371253aa5e7d339ba239dfbb7a0b598767b23b8368410139e0b4c0620600a3.jpg",
      "Movie_Cast": [
        "Sai Tamhankar",
        "Siddharth Jadhav",
        "Sonalee Kulkarni"
      ],
      "Movie_Year": 2020,
      "Movie_Link": "example.com/dhurala",
      "Movie_Poster": "https://static.digit.in/OTT/v2/images/dhurala-64309jpg",
      "Movie_Language": "Marathi",
      "Movie_Genre": [
        "Political drama"
      ],
      "Movie_Like": 1000,
      "Movie_Views": 1500,
      "Movie_Comment": [
        {
          "Username": "User1",
          "Comment": "Amazing movie! The performances were outstanding and the storyline kept me hooked until the end."
        },
        {
          "Username": "User2",
          "Comment": "Loved the way they portrayed the political scenario in the movie. A must-watch for everyone."
        },
        {
          "Username": "User3",
          "Comment": "Siddharth Jadhav was absolutely brilliant in his role. He deserves all the accolades for his performance."
        }
      ]
    }
  ]