[
    {
        "Music_ID": "1",
        "Music_Name": "Agar Tum Saath Ho",
        "Music_Image": "https://i.pinimg.com/originals/0c/d6/a1/0cd6a1e4b0c39eec51a0df7dde29a07e.jpg",
        "Music_Singers": ["Alka Yagnik", "Arijit Singh"],
        "Music_Composers": ["A. R. Rahman"],
        "Music_Producers": ["Siddharth Singh"],
        "Music_Lyrics": ["Irshad Kamil"],
        "Music_Link": "https://res.cloudinary.com/db5dq2vw9/video/upload/v1679838841/Agar_Tum_Saath_Ho_VIDEO_Song___Tamasha___Ranbir_Kapoor__Deepika_Padukone___T-Series_MP3_320K_ihsorc.mp3",
        "Music_Cover": "https://img.mensxp.com/media/content/2018/Jan/tamasha-agar-tum-1517133191.jpg",
        "Music_Genre": "Bollywood",
        "Music_Language": "Hindi",
        "Music_Likes": 150,
        "Music_Views": 5000,
        "Music_Date": "2015-09-10"
      }
      ,
      {
        "Music_ID": "2",
        "Music_Name": "Take On Me",
        "Music_Image": "https://upload.wikimedia.org/wikipedia/en/thumb/d/d5/A-ha_take_on_me-1stcover.jpg/220px-A-ha_take_on_me-1stcover.jpg",
        "Music_Singers": ["Magne Furuholmen", "Morten Harket", "Pal Waaktaar-Savoy"],
        "Music_Composers": ["Magne Furuholmen", "Morten Harket", "Pal Waaktaar-Savoy"],
        "Music_Producers": ["Alan Tarney"],
        "Music_Lyrics": ["Magne Furuholmen", "Morten Harket", "Pal Waaktaar-Savoy"],
        "Music_Link": "https://res.cloudinary.com/db5dq2vw9/video/upload/v1679838841/a-ha_-_Take_On_Me_Official_Video_Remastered_in_4K_MP3_160K_dycumw.mp3",
        "Music_Cover": "https://arc-anglerfish-arc2-prod-infobae.s3.amazonaws.com/public/3OTBSCSDJND25DGXADSX2KSPJ4.jpg",
        "Music_Genre": "New Wave",
        "Music_Language": "English",
        "Music_Likes": 250,
        "Music_Views": 10000,
        "Music_Date": "1985-10-19"
      }
      ,
      {
        "Music_ID": "3",
        "Music_Name": "Hello",
        "Music_Image": "https://m.media-amazon.com/images/M/MV5BMTM2NzE1YTEtNTNjZC00MTg5LTkwOTEtNDEwMDI1ODA1YjhkXkEyXkFqcGdeQXVyNjU0ODAyOTY@._V1_.jpg",
        "Music_Singers": ["Adele"],
        "Music_Composers": ["Adele", "Greg Kurstin"],
        "Music_Producers": ["Greg Kurstin"],
        "Music_Lyrics": ["Adele", "Greg Kurstin"],
        "Music_Link": "https://res.cloudinary.com/db5dq2vw9/video/upload/v1679838842/Adele_-_Hello_Official_Music_Video_MP3_160K_fytrlj.mp3",
        "Music_Cover": "https://i.ytimg.com/vi/YQHsXMglC9A/maxresdefault.jpg",
        "Music_Genre": "Pop",
        "Music_Language": "English",
        "Music_Likes": 5000,
        "Music_Views": 1000000,
        "Music_Date": "2015-10-23"
      }
      ,
      {
        "Music_ID": "4",
        "Music_Name": "Abhagi Piya Ki",
        "Music_Image": "https://pagalsong.in/uploads//thumbnails/300x300/id3Picture_2014141445.jpg",
        "Music_Singers": ["Kanika Kapoor"],
        "Music_Composers": ["Ahmed", "Mohammed Hussain"],
        "Music_Producers": ["T-Series"],
        "Music_Lyrics": ["Shabbir Ahmed"],
        "Music_Link": "https://res.cloudinary.com/db5dq2vw9/video/upload/v1679838842/Abhagi_Piya_Ki_Video_Song___Kanika_Kapoor___Ahmed___Mohammed_Hussain___T-Series_MP3_160K_rulylf.mp3",
        "Music_Cover": "https://i.ytimg.com/vi/D6e1_ZJDfj8/maxresdefault.jpg",
        "Music_Genre": "Pop",
        "Music_Language": "Hindi",
        "Music_Likes": 100,
        "Music_Views": 8000,
        "Music_Date": "2021-06-12"
      }
      ,
      {
        "Music_ID": "5",
        "Music_Name": "Aatach Baya Ka Baavarla",
        "Music_Image": "https://akamaividz1.zee5.com/resources/0-0-movie_1337559699/cover/270x405/aatchbaya1920x770.jpg",
        "Music_Singers": ["Shreya Ghoshal", "Ajay Gogavale"],
        "Music_Composers": ["Ajay-Atul"],
        "Music_Producers": ["Zee Music Company"],
        "Music_Lyrics": ["Ajay-Atul"],
        "Music_Link": "https://res.cloudinary.com/db5dq2vw9/video/upload/v1679838844/Aatach_Baya_Ka_Baavarla_-_Official_Full_Video___Sairat___Ajay_Atul___Nagraj_Popatrao_Manjule_MP3_160K_ofrtjd.mp3",
        "Music_Cover": "https://i.ytimg.com/vi/J7G9ZG-6tD8/maxresdefault.jpg",
        "Music_Genre": "Marathi",
        "Music_Language": "Marathi",
        "Music_Likes": 200,
        "Music_Views": 7000,
        "Music_Date": "2016-04-11"
      }
      ,
      {
        "Music_ID": "6",
        "Music_Name": "Barbie Girl",
        "Music_Image": "https://m.media-amazon.com/images/M/MV5BOWQwZmI0YWUtZGEzZC00NGU3LTg2MzEtNDg1ZDRlOGIzNjAyXkEyXkFqcGdeQXVyMjMzMzc0MjM@._V1_UY1200_CR285,0,630,1200_AL_.jpg",
        "Music_Singers": ["Lene Nystrøm", "René Dif"],
        "Music_Composers": ["Søren Rasted", "Claus Norreen"],
        "Music_Producers": ["Johnny Jam"],
        "Music_Lyrics": ["Søren Rasted", "Claus Norreen"],
        "Music_Link": "https://res.cloudinary.com/db5dq2vw9/video/upload/v1679838847/Aqua_-_Barbie_Girl_Official_Music_Video_MP3_160K_bg5okc.mp3",
        "Music_Cover": "https://townsquare.media/site/252/files/2011/09/aqua.jpg?w=980&q=75",
        "Music_Genre": "Eurodance",
        "Music_Language": "English",
        "Music_Likes": 500,
        "Music_Views": 20000,
        "Music_Date": "1997-05-14"
      }
      ,
      {
        "Music_ID": "7",
        "Music_Name": "Faded",
        "Music_Image": "https://i.pinimg.com/originals/84/15/e2/8415e2508dcb0bf2e76180a1470c02aa.jpg",
        "Music_Singers": ["Alan Walker"],
        "Music_Composers": ["Alan Walker"],
        "Music_Producers": ["Alan Walker"],
        "Music_Lyrics": ["Alan Walker"],
        "Music_Link": "https://res.cloudinary.com/db5dq2vw9/video/upload/v1679838848/Alan_Walker_-_Faded_MP3_160K_z7vpmm.mp3",
        "Music_Cover": "https://i.pinimg.com/originals/f4/e1/06/f4e1064f2f2f06e9c5f71fef985a2281.jpg",
        "Music_Genre": "Electronic dance music",
        "Music_Language": "English",
        "Music_Likes": 1000,
        "Music_Views": 50000,
        "Music_Date": "2015-12-03"
      }
      ,
      {
        "Music_ID": "8",
        "Music_Name": "Someone Like You",
        "Music_Image": "https://lastfm.freetls.fastly.net/i/u/ar0/f95f99c018efcfcf478901d821a9fd46",
        "Music_Singers": ["Adele"],
        "Music_Composers": ["Adele", "Dan Wilson"],
        "Music_Producers": ["Dan Wilson"],
        "Music_Lyrics": ["Adele", "Dan Wilson"],
        "Music_Link": "https://res.cloudinary.com/db5dq2vw9/video/upload/v1679838849/Adele_-_Someone_Like_You_Official_Music_Video_MP3_160K_nze0us.mp3",
        "Music_Cover": "https://i.ytimg.com/vi/hLQl3WQQoQ0/maxresdefault.jpg",
        "Music_Genre": "Pop",
        "Music_Language": "English",
        "Music_Likes": 100,
        "Music_Views": 5000,
        "Music_Date": "2011-09-29"
 
      },
      {
        "Music_ID": "9",
        "Music_Name": "Alone",
        "Music_Image": "https://pics.filmaffinity.com/Alan_Walker_Alone_Music_Video-526348171-large.jpg",
        "Music_Singers": ["Alan Walker"],
        "Music_Composers": ["Alan Walker"],
        "Music_Producers": ["Alan Walker"],
        "Music_Lyrics": ["Alan Walker"],
        "Music_Link": "https://res.cloudinary.com/db5dq2vw9/video/upload/v1679838850/Alan_Walker_-_Alone_MP3_160K_fqks4u.mp3",
        "Music_Cover": "https://wallpaperaccess.com/full/3846515.jpg",
        "Music_Genre": "Electronic Dance Music",
        "Music_Language": "English",
        "Music_Likes": 250,
        "Music_Views": 10000,
        "Music_Date": "2016-12-02"
      }
      
    ,
    {
        "Music_ID": "10",
        "Music_Name": "No Tears Left To Cry",
        "Music_Image": "https://kbimages1-a.akamaihd.net/6b51e0ae-708b-4de3-824c-b630c6a8864e/1200/1200/False/no-tears-left-to-cry-sheet-music.jpg",
        "Music_Singers": ["Ariana Grande"],
        "Music_Composers": ["Max Martin", "Savan Kotecha", "Ilya Salmanzadeh"],
        "Music_Producers": ["Max Martin", "Ilya Salmanzadeh"],
        "Music_Lyrics": ["Ariana Grande", "Max Martin", "Savan Kotecha", "Ilya Salmanzadeh"],
        "Music_Link": "https://res.cloudinary.com/db5dq2vw9/video/upload/v1679838850/Ariana_Grande_-_no_tears_left_to_cry_Official_Video_MP3_160K_epoj1c.mp3",
        "Music_Cover": "https://hips.hearstapps.com/digitalspyuk.cdnds.net/18/16/1524208052-arianagrande.jpg",
        "Music_Genre": "Pop",
        "Music_Language": "English",
        "Music_Likes": 100,
        "Music_Views": 2000,
        "Music_Date": "2018-04-20"
      }
      ,
      {
        "Music_ID": "11",
        "Music_Name": "7 rings",
        "Music_Image": "https://s2.r29static.com/bin/entry/138/x,80/2106220/image.jpg",
        "Music_Singers": ["Ariana Grande"],
        "Music_Composers": ["Ariana Grande", "Richard Rodgers", "Tommie Andrews", "Njomza Vitia", "Michael Foster", "Charles Anderson", "Kimberly Krysiuk"],
        "Music_Producers": ["Social House", "TBHits"],
        "Music_Lyrics": ["Ariana Grande", "Richard Rodgers", "Tommie Andrews", "Njomza Vitia", "Michael Foster", "Charles Anderson", "Kimberly Krysiuk"],
        "Music_Link": "https://res.cloudinary.com/db5dq2vw9/video/upload/v1679838851/Ariana_Grande_-_7_rings_Official_Video_MP3_160K_fy2ppv.mp3",
        "Music_Cover": "https://i.ytimg.com/vi/QYh6mYIJG2Y/sddefault.jpg",
        "Music_Genre": "Pop",
        "Music_Language": "English",
        "Music_Likes": 250,
        "Music_Views": 10000,
        "Music_Date": "2019-01-18"
      }
      ,
      {
        "Music_ID": "12",
        "Music_Name": "Yeh Ishq Hai",
        "Music_Image": "https://i.ytimg.com/vi/0k8zNUrPzLw/movieposter_en.jpg",
        "Music_Singers": ["Arijit Singh"],
        "Music_Composers": ["Mithoon"],
        "Music_Producers": ["Bhushan Kumar"],
        "Music_Lyrics": ["Mithoon"],
        "Music_Link": "https://res.cloudinary.com/db5dq2vw9/video/upload/v1679838853/Arijit_Singh__Yeh_Ishq_Hai_Full_Video_Song___Rangoon___Saif_Ali_Khan__Kangana_Ranaut__Shahid_Kapoor_MP3_160K_pxjjmu.mp3",
        "Music_Cover": "https://i.ytimg.com/vi/dXpG0kavjUo/maxresdefault.jpg",
        "Music_Genre": "Bollywood",
        "Music_Language": "Hindi",
        "Music_Likes": 85,
        "Music_Views": 3500,
        "Music_Date": "2016-01-20"
      }
      ,
      {
        "Music_ID": "13",
        "Music_Name": "Tootey Khaab",
        "Music_Image": "https://snooplyrics.com/wp-content/uploads/2019/09/Tootey-Khaab-Song-Lyrics-Armaan-Malik.jpg",
        "Music_Singers": ["Armaan Malik"],
        "Music_Composers": ["Songster"],
        "Music_Producers": ["T-Series"],
        "Music_Lyrics": ["Kunaal Vermaa"],
        "Music_Link": "https://res.cloudinary.com/db5dq2vw9/video/upload/v1679838854/Armaan_Malik__Tootey_Khaab_Official_Video___Songster__Kunaal_Vermaa___Shabby___Bhushan_Kumar_MP3_160K_wpdbmd.mp3",
        "Music_Cover": "https://i.ytimg.com/vi/PU2F9aFAeCY/maxresdefault.jpg",
        "Music_Genre": "Pop",
        "Music_Language": "Hindi",
        "Music_Likes": 200,
        "Music_Views": 10000,
        "Music_Date": "2019-09-27"
      }
      ,
      {
        "Music_ID": "14",
        "Music_Name": "Pachtaoge",
        "Music_Image": "https://c.saavncdn.com/200/Pachtaoge-From-Jaani-Ve--Hindi-2019-20190823024539-500x500.jpg",
        "Music_Singers": ["Arijit Singh"],
        "Music_Composers": ["B Praak"],
        "Music_Producers": ["Jaani"],
        "Music_Lyrics": ["Jaani"],
        "Music_Link": "https://res.cloudinary.com/db5dq2vw9/video/upload/v1679838853/Arijit_Singh__Pachtaoge___Vicky_Kaushal__Nora_Fatehi__Jaani__B_Praak__Arvindr_Khaira___Bhushan_Kumar_MP3_160K_jzhu3m.mp3",
        "Music_Cover": "https://c.saavncdn.com/200/Pachtaoge-From-Jaani-Ve--Hindi-2019-20190823024539-500x500.jpg",
        "Music_Genre": "Pop",
        "Music_Language": "Hindi",
        "Music_Likes": 120,
        "Music_Views": 6000,
        "Music_Date": "2019-08-23"
      }
      ,
      {
        "Music_ID": "15",
        "Music_Name": "Side To Side",
        "Music_Image": "https://www.songmeaningsandfacts.com/wp-content/uploads/2019/12/Side-by-Side.png",
        "Music_Singers": ["Ariana Grande", "Nicki Minaj"],
        "Music_Composers": ["Max Martin", "Savan Kotecha"],
        "Music_Producers": ["Max Martin"],
        "Music_Lyrics": ["Ariana Grande", "Nicki Minaj"],
        "Music_Link": "https://res.cloudinary.com/db5dq2vw9/video/upload/v1679838856/Ariana_Grande_ft._Nicki_Minaj_-_Side_To_Side_Official_Video_ft._Nicki_Minaj_MP3_160K_nq4vhd.mp3",
        "Music_Cover": "https://i.ytimg.com/vi/b_Ud3N8GIhw/maxresdefault.jpg",
        "Music_Genre": "Pop",
        "Music_Language": "English",
        "Music_Likes": 250,
        "Music_Views": 10000,
        "Music_Date": "2016-08-30"
      }
      ,
      {
        "Music_ID": "4",
        "Music_Name": "Dekhte Dekhte",
        "Music_Image": "https://c.saavncdn.com/418/Batti-Gul-Meter-Chalu-Hindi-2018-20180908134024-500x500.jpg",
        "Music_Singers": ["Atif Aslam"],
        "Music_Composers": ["Nusrat Fateh Ali Khan", "Rochak Kohli"],
        "Music_Producers": ["Rochak Kohli"],
        "Music_Lyrics": ["Manoj Muntashir"],
        "Music_Link": "https://res.cloudinary.com/db5dq2vw9/video/upload/v1679838857/Atif_A__Dekhte_Dekhte_Song___Batti_Gul_Meter_Chalu___Shahid_K_Shraddha_K___Nusrat_Saab_Rochak_Manoj_MP3_160K_czmucf.mp3",
        "Music_Cover": "https://i.ytimg.com/vi/C7Kje_uoX68/maxresdefault.jpg",
        "Music_Genre": "Bollywood",
        "Music_Language": "Hindi",
        "Music_Likes": 220,
        "Music_Views": 9000,
        "Music_Date": "2018-08-21"
      }
      ,
      {
        "Music_ID": "4",
        "Music_Name": "Like a Stone",
        "Music_Image": "https://pics.filmaffinity.com/audioslave_like_a_stone-425178762-large.jpg",
        "Music_Singers": ["Chris Cornell"],
        "Music_Composers": ["Chris Cornell", "Tom Morello"],
        "Music_Producers": ["Rick Rubin"],
        "Music_Lyrics": ["Chris Cornell"],
        "Music_Link": "https://res.cloudinary.com/db5dq2vw9/video/upload/v1679838858/Audioslave_-_Like_a_Stone_Official_Video_MP3_160K_ga6aej.mp3",
        "Music_Cover": "https://cdn-p.smehost.net/sites/7f9737f2506941499994d771a29ad47a/wp-content/uploads/2022/01/audioslave.jpg",
        "Music_Genre": "Alternative Rock",
        "Music_Language": "English",
        "Music_Likes": 250,
        "Music_Views": 10000,
        "Music_Date": "2002-03-05"
      }
      
      
      
      
      
      
      
  ]
  