Star-rating,Name,Reviewer Profile Url,Review Title,Review Content,images,profile icon,Date
4.0 out of 5 stars,SUMMAIYAH VIRANI,https://www.amazon.in/gp/customer-reviews/R1HJMARCITD3UG/ref=cm_cr_arp_d_rvw_ttl?ie=UTF8&ASIN=B084GNNVLR, Good,Good,,"https://images-eu.ssl-images-amazon.com/images/S/amazon-avatars-global/2af674fc-3459-4e2b-9fae-3f0188545243._CR0,0,500,500_SX48_.jpg",Reviewed in India 🇮🇳 on 13 February 2023
4.0 out of 5 stars,Yash,https://www.amazon.in/gp/customer-reviews/RTT62JYZX0Z7F/ref=cm_cr_arp_d_rvw_ttl?ie=UTF8&ASIN=B084GNNVLR, Nice,"Ofcourse the normal amul butter is much more tastier. We started buying this because of the low fat content. Even it tastes less salty than Amul butter. Its a recommended product, definitely not as bad as a margarine.",,https://images-na.ssl-images-amazon.com/images/G/01/x-locale/common/grey-pixel.gif,Reviewed in India 🇮🇳 on 10 August 2022
5.0 out of 5 stars,MUSHTAK,https://www.amazon.in/gp/customer-reviews/R1PN9TBMXO7HCS/ref=cm_cr_arp_d_rvw_ttl?ie=UTF8&ASIN=B084GNNVLR, Reasonable rate with good taste,I liked the taste and price,,https://images-na.ssl-images-amazon.com/images/G/01/x-locale/common/grey-pixel.gif,Reviewed in India 🇮🇳 on 27 August 2022
5.0 out of 5 stars,Milind Bondre,https://www.amazon.in/gp/customer-reviews/R2OTZ7CWOIEM9B/ref=cm_cr_arp_d_rvw_ttl?ie=UTF8&ASIN=B084GNNVLR, The healthy butter,"It is very close to the taste of Amul butter, but it is the healthier butter. If a person is health conscious then this is the best as the fat content is very less compared to.",,https://images-na.ssl-images-amazon.com/images/G/01/x-locale/common/grey-pixel.gif,Reviewed in India 🇮🇳 on 11 August 2021
5.0 out of 5 stars,Shubham Yadav,https://www.amazon.in/gp/customer-reviews/RFSI66ACGV2BS/ref=cm_cr_arp_d_rvw_ttl?ie=UTF8&ASIN=B084GNNVLR, Fatima ka dud pita hei india,Best,,https://images-na.ssl-images-amazon.com/images/G/01/x-locale/common/grey-pixel.gif,Reviewed in India 🇮🇳 on 10 October 2021
5.0 out of 5 stars,anirban das,https://www.amazon.in/gp/customer-reviews/R3FHL94B3O3YGV/ref=cm_cr_arp_d_rvw_ttl?ie=UTF8&ASIN=B084GNNVLR, good,not smooth and buttery aroma like normal butter but tastes good.like it n recommend.,,https://images-na.ssl-images-amazon.com/images/G/01/x-locale/common/grey-pixel.gif,Reviewed in India 🇮🇳 on 22 March 2021
1.0 out of 5 stars,Gagan,https://www.amazon.in/gp/customer-reviews/R3E7N26QES50NG/ref=cm_cr_arp_d_rvw_ttl?ie=UTF8&ASIN=B084GNNVLR, Worst experience with Amul Lite butter," The block I recieved has fungus on the wrapper. The taste is not good and it's so dry and not even looks like made of ghee. I tried to broke a piece out of the block to check it's Softness and smoothness and was surprised to see the results. It was a dry from the inside. Not sure if the one I got had an issue or it's like that only. I've switched back to regular Amul butter.

I hope Amazon take some action against the product.","https://images-na.ssl-images-amazon.com/images/I/B14xZdfSjQS.88.jpg  
https://images-na.ssl-images-amazon.com/images/I/B19qwLXoYSS.88.jpg  
",https://images-na.ssl-images-amazon.com/images/G/01/x-locale/common/grey-pixel.gif,Reviewed in India 🇮🇳 on 22 May 2021
5.0 out of 5 stars,Deppard,https://www.amazon.in/gp/customer-reviews/R2OM38JT90MQVQ/ref=cm_cr_arp_d_rvw_ttl?ie=UTF8&ASIN=B084GNNVLR, Nice taste,"Though never liked low spreads or margarine, since the 90s-- this one has a nice sort of mild buttery flavor. So works very well.",,https://images-na.ssl-images-amazon.com/images/G/01/x-locale/common/grey-pixel.gif,Reviewed in India 🇮🇳 on 24 September 2020
5.0 out of 5 stars,Tapan Kumar Chatterjee,https://www.amazon.in/gp/customer-reviews/R2ASCZ3FJBKLA5/ref=cm_cr_arp_d_rvw_ttl?ie=UTF8&ASIN=B084GNNVLR, Very good product,Very good product,,https://images-na.ssl-images-amazon.com/images/G/01/x-locale/common/grey-pixel.gif,Reviewed in India 🇮🇳 on 25 June 2021
5.0 out of 5 stars,Malarvizhi P,https://www.amazon.in/gp/customer-reviews/R14E16FUC4TFW4/ref=cm_cr_arp_d_rvw_ttl?ie=UTF8&ASIN=B084GNNVLR, Good,Super,,https://images-na.ssl-images-amazon.com/images/G/01/x-locale/common/grey-pixel.gif,Reviewed in India 🇮🇳 on 29 June 2021
5.0 out of 5 stars,rohit shukla,https://www.amazon.in/gp/customer-reviews/R29SLB7MQVUDYK/ref=cm_cr_getr_d_rvw_ttl?ie=UTF8&ASIN=B084GNNVLR, Review,It has less Sault you will find a taste difference from regular amul butter. But thus Amul Lite is Good for health.,,"https://images-eu.ssl-images-amazon.com/images/S/amazon-avatars-global/default._CR0,0,1024,1024_SX48_.png",Reviewed in India 🇮🇳 on 25 June 2020
3.0 out of 5 stars,Niranjan shah,https://www.amazon.in/gp/customer-reviews/R2RD539CHS5ZI6/ref=cm_cr_getr_d_rvw_ttl?ie=UTF8&ASIN=B084GNNVLR, Too hard to cut,Too hard as compared to normal butter,,"https://images-eu.ssl-images-amazon.com/images/S/amazon-avatars-global/default._CR0,0,1024,1024_SX48_.png",Reviewed in India 🇮🇳 on 31 July 2020
5.0 out of 5 stars,Imran Khan,https://www.amazon.in/gp/customer-reviews/R2B1XZT822BY6V/ref=cm_cr_getr_d_rvw_ttl?ie=UTF8&ASIN=B084GNNVLR, saad,tastes good.,,"https://images-eu.ssl-images-amazon.com/images/S/amazon-avatars-global/default._CR0,0,1024,1024_SX48_.png",Reviewed in India 🇮🇳 on 17 February 2021
5.0 out of 5 stars,Hema singh,https://www.amazon.in/gp/customer-reviews/RVXS79GXYU8GL/ref=cm_cr_getr_d_rvw_ttl?ie=UTF8&ASIN=B084GNNVLR, Fresh product and 2 Hours fast delivery,Fresh date,,"https://images-eu.ssl-images-amazon.com/images/S/amazon-avatars-global/default._CR0,0,1024,1024_SX48_.png",Reviewed in India 🇮🇳 on 30 January 2021
5.0 out of 5 stars,Pandiyaraj,https://www.amazon.in/gp/customer-reviews/R1F07UH20P9LVH/ref=cm_cr_getr_d_rvw_ttl?ie=UTF8&ASIN=B084GNNVLR, Good material,I like it.,,"https://images-eu.ssl-images-amazon.com/images/S/amazon-avatars-global/default._CR0,0,1024,1024_SX48_.png",Reviewed in India 🇮🇳 on 6 December 2020
5.0 out of 5 stars,Shiv Pandey,https://www.amazon.in/gp/customer-reviews/R1YZII2PWYTH7D/ref=cm_cr_getr_d_rvw_ttl?ie=UTF8&ASIN=B084GNNVLR, Good,This product is good...we can easily believe in Amul's product,,"https://images-eu.ssl-images-amazon.com/images/S/amazon-avatars-global/default._CR0,0,1024,1024_SX48_.png",Reviewed in India 🇮🇳 on 27 June 2020
5.0 out of 5 stars,Dharmarajan.R,https://www.amazon.in/gp/customer-reviews/R2GRTMDKFS5CL0/ref=cm_cr_getr_d_rvw_ttl?ie=UTF8&ASIN=B084GNNVLR, butter is good,its good,,https://images-na.ssl-images-amazon.com/images/G/01/x-locale/common/grey-pixel.gif,Reviewed in India 🇮🇳 on 22 November 2020
5.0 out of 5 stars,Dhaval,https://www.amazon.in/gp/customer-reviews/RFG1LN0F0TF02/ref=cm_cr_getr_d_rvw_ttl?ie=UTF8&ASIN=B084GNNVLR, Good enough,Through the lockdown this has been our go to margarine.,,https://images-na.ssl-images-amazon.com/images/G/01/x-locale/common/grey-pixel.gif,Reviewed in India 🇮🇳 on 30 May 2020
1.0 out of 5 stars,Mohd Zeeshan Uddin,https://www.amazon.in/gp/customer-reviews/R2J8UJV0LA9OHR/ref=cm_cr_getr_d_rvw_ttl?ie=UTF8&ASIN=B084GNNVLR, I received a old spoilt butter package,"It was smelling really bad, had to remove the spoilt part to avoid it from spreading over completely.",,https://images-na.ssl-images-amazon.com/images/G/01/x-locale/common/grey-pixel.gif,Reviewed in India 🇮🇳 on 3 March 2022
5.0 out of 5 stars,juveriya n.,https://www.amazon.in/gp/customer-reviews/R38L1GZXXJT9U6/ref=cm_cr_getr_d_rvw_ttl?ie=UTF8&ASIN=B084GNNVLR, Good,Good taste..,,https://images-na.ssl-images-amazon.com/images/G/01/x-locale/common/grey-pixel.gif,Reviewed in India 🇮🇳 on 27 September 2020
5.0 out of 5 stars,Paromita Boruwa,https://www.amazon.in/gp/customer-reviews/R1ML1QX3Q8R5RN/ref=cm_cr_getr_d_rvw_ttl?ie=UTF8&ASIN=B084GNNVLR, Good taste,Light and good taste,,"https://images-eu.ssl-images-amazon.com/images/S/amazon-avatars-global/default._CR0,0,1024,1024_SX48_.png",Reviewed in India 🇮🇳 on 14 July 2020
1.0 out of 5 stars,CJ,https://www.amazon.in/gp/customer-reviews/RJ0VIOQORZ0T/ref=cm_cr_getr_d_rvw_ttl?ie=UTF8&ASIN=B084GNNVLR, Don’t buy,"Don’t buy this.

I thought to try it but it was terrible",,"https://images-eu.ssl-images-amazon.com/images/S/amazon-avatars-global/default._CR0,0,1024,1024_SX48_.png",Reviewed in India 🇮🇳 on 26 June 2020
5.0 out of 5 stars,Richy,https://www.amazon.in/gp/customer-reviews/RWMRXYPLHYMBV/ref=cm_cr_getr_d_rvw_ttl?ie=UTF8&ASIN=B084GNNVLR, Worth money,"Taste is good, quality is best worth money",,"https://images-eu.ssl-images-amazon.com/images/S/amazon-avatars-global/default._CR0,0,1024,1024_SX48_.png",Reviewed in India 🇮🇳 on 9 January 2022
5.0 out of 5 stars,Archana Garg,https://www.amazon.in/gp/customer-reviews/R1NNI7I6D2U4Q7/ref=cm_cr_getr_d_rvw_ttl?ie=UTF8&ASIN=B084GNNVLR, Superb quality,I am using it since so many years and it’s really good,,"https://images-eu.ssl-images-amazon.com/images/S/amazon-avatars-global/default._CR0,0,1024,1024_SX48_.png",Reviewed in India 🇮🇳 on 9 February 2021
5.0 out of 5 stars,BIDYUT ARNAB,https://www.amazon.in/gp/customer-reviews/R1UEVET0NRSN5E/ref=cm_cr_getr_d_rvw_ttl?ie=UTF8&ASIN=B084GNNVLR, Good for health.,Good. I use for Break fast Bread and Amul Lite.,,"https://images-eu.ssl-images-amazon.com/images/S/amazon-avatars-global/default._CR0,0,1024,1024_SX48_.png",Reviewed in India 🇮🇳 on 24 January 2021
5.0 out of 5 stars,Zax Rider,https://www.amazon.in/gp/customer-reviews/RNUZ4FWDDFTT2/ref=cm_cr_getr_d_rvw_ttl?ie=UTF8&ASIN=B084GNNVLR, 100% Satisfied,Zero Complaints,,"https://images-eu.ssl-images-amazon.com/images/S/amazon-avatars-global/cdcc37a7-1930-4724-bc9a-5088d28cccc3._CR0,0,435,435_SX48_.jpg",Reviewed in India 🇮🇳 on 7 January 2022
5.0 out of 5 stars,Ushank anand,https://www.amazon.in/gp/customer-reviews/R34887O5BN3GGE/ref=cm_cr_getr_d_rvw_ttl?ie=UTF8&ASIN=B084GNNVLR, Lite is Love🥰,Better when you want to go for lite version of amul it’s superior i can replace now from the orignal one,,https://images-na.ssl-images-amazon.com/images/G/01/x-locale/common/grey-pixel.gif,Reviewed in India 🇮🇳 on 24 August 2020
5.0 out of 5 stars,Stanley Vaz,https://www.amazon.in/gp/customer-reviews/R16I62DGMFI72N/ref=cm_cr_getr_d_rvw_ttl?ie=UTF8&ASIN=B084GNNVLR, It's Fair price too. Fresh and clean packaged delivery.,It's very light hence I use it for baking purpose. Fair price too. Fresh and clean packaged delivery.,,https://images-na.ssl-images-amazon.com/images/G/01/x-locale/common/grey-pixel.gif,Reviewed in India 🇮🇳 on 27 May 2020
2.0 out of 5 stars,MIR AHMED ALI,https://www.amazon.in/gp/customer-reviews/R28P3RA4VAJYNM/ref=cm_cr_getr_d_rvw_ttl?ie=UTF8&ASIN=B084GNNVLR, Average,Average,,https://images-na.ssl-images-amazon.com/images/G/01/x-locale/common/grey-pixel.gif,Reviewed in India 🇮🇳 on 22 August 2020
