Star-rating,Name,Reviewer Profile Url,Review Title,Review Content,images,profile icon,Date
4.0 out of 5 stars,VivekSaluja,https://www.amazon.in/gp/customer-reviews/R2JFUTTZ07PMRL/ref=cm_cr_arp_d_rvw_ttl?ie=UTF8&ASIN=B08LNYTTVG, Good Dairy Whitener,Almost as good as Nestle Everyday. Cheaper and does not clump together. Worth trying,,"https://images-eu.ssl-images-amazon.com/images/S/amazon-avatars-global/default._CR0,0,1024,1024_SX48_.png",Reviewed in India 🇮🇳 on 9 April 2023
3.0 out of 5 stars,Swastik,https://www.amazon.in/gp/customer-reviews/R1BW49FEMT9152/ref=cm_cr_arp_d_rvw_ttl?ie=UTF8&ASIN=B08LNYTTVG, Smells stinky,This is bit more sweet and has a really weird smell like someone has just spit the morning stinking saliva. Feels like more of buffalo milk powder than cow milk powder. And really blends with much difficulty.,,"https://images-eu.ssl-images-amazon.com/images/S/amazon-avatars-global/default._CR0,0,1024,1024_SX48_.png",Reviewed in India 🇮🇳 on 4 March 2023
3.0 out of 5 stars,naorem gajendra singh,https://www.amazon.in/gp/customer-reviews/RJT7D5XTRL814/ref=cm_cr_arp_d_rvw_ttl?ie=UTF8&ASIN=B08LNYTTVG, Good,OK,,https://images-na.ssl-images-amazon.com/images/G/01/x-locale/common/grey-pixel.gif,Reviewed in India 🇮🇳 on 24 March 2023
4.0 out of 5 stars,RickyN,https://www.amazon.in/gp/customer-reviews/R3PGME7SM1B77L/ref=cm_cr_arp_d_rvw_ttl?ie=UTF8&ASIN=B08LNYTTVG, NIce item. Worth the price,Nice as expected. Thanx. Yes it works. Am using it and it's the right thing. Not the best quality - but Okay will use it and for the price worth it. And came well packed and good new stock. Thank you. It's fine appreciated.,,https://images-na.ssl-images-amazon.com/images/G/01/x-locale/common/grey-pixel.gif,Reviewed in India 🇮🇳 on 11 January 2023
4.0 out of 5 stars,Farook dheen,https://www.amazon.in/gp/customer-reviews/R26I7UQ0JJJKTL/ref=cm_cr_arp_d_rvw_ttl?ie=UTF8&ASIN=B08LNYTTVG, Realy teasty,Used for month it's realy nice and tastey,,https://images-na.ssl-images-amazon.com/images/G/01/x-locale/common/grey-pixel.gif,Reviewed in India 🇮🇳 on 29 December 2022
3.0 out of 5 stars,Wungchipei,https://www.amazon.in/gp/customer-reviews/R3ED0Q67TGZG7/ref=cm_cr_arp_d_rvw_ttl?ie=UTF8&ASIN=B08LNYTTVG, It taste bad,Everyday milk powder is much more better,,https://images-na.ssl-images-amazon.com/images/G/01/x-locale/common/grey-pixel.gif,Reviewed in India 🇮🇳 on 21 January 2023
4.0 out of 5 stars,Sk,https://www.amazon.in/gp/customer-reviews/R2UDQHXB5SNNEL/ref=cm_cr_arp_d_rvw_ttl?ie=UTF8&ASIN=B08LNYTTVG, Go for it.,Nice product .,,https://images-na.ssl-images-amazon.com/images/G/01/x-locale/common/grey-pixel.gif,Reviewed in India 🇮🇳 on 21 December 2022
4.0 out of 5 stars,Subho,https://www.amazon.in/gp/customer-reviews/R1MJR5SNK6K07I/ref=cm_cr_arp_d_rvw_ttl?ie=UTF8&ASIN=B08LNYTTVG, Value for money,Good product,,https://images-na.ssl-images-amazon.com/images/G/01/x-locale/common/grey-pixel.gif,Reviewed in India 🇮🇳 on 23 December 2022
4.0 out of 5 stars,Joanna Anthony,https://www.amazon.in/gp/customer-reviews/R4KV14WXABUX1/ref=cm_cr_arp_d_rvw_ttl?ie=UTF8&ASIN=B08LNYTTVG, Reasonable,It's reasonable but too sweet .... All over thickness and all are good so I will recommended this brand,,https://images-na.ssl-images-amazon.com/images/G/01/x-locale/common/grey-pixel.gif,Reviewed in India 🇮🇳 on 22 November 2022
5.0 out of 5 stars,Shravani Samanta,https://www.amazon.in/gp/customer-reviews/RYK0I6NY7WDNL/ref=cm_cr_arp_d_rvw_ttl?ie=UTF8&ASIN=B08LNYTTVG, Really good,Making for tea and coffee really good,,https://images-na.ssl-images-amazon.com/images/G/01/x-locale/common/grey-pixel.gif,Reviewed in India 🇮🇳 on 2 March 2023
4.0 out of 5 stars,Deepak.A,https://www.amazon.in/gp/customer-reviews/R34C4QIXB4NVO3/ref=cm_cr_getr_d_rvw_ttl?ie=UTF8&ASIN=B08LNYTTVG, Good product,Value for money,,"https://images-eu.ssl-images-amazon.com/images/S/amazon-avatars-global/default._CR0,0,1024,1024_SX48_.png",Reviewed in India 🇮🇳 on 31 October 2022
4.0 out of 5 stars,Teresa Lila,https://www.amazon.in/gp/customer-reviews/R4JHRAZVUD0ZV/ref=cm_cr_getr_d_rvw_ttl?ie=UTF8&ASIN=B08LNYTTVG," Good taste,melting good.",Useable product for griendly amount.,,"https://images-eu.ssl-images-amazon.com/images/S/amazon-avatars-global/9dd2c4e9-680d-4422-aa37-e481bd92cce6._CR62,0,375,375_SX48_.jpg",Reviewed in India 🇮🇳 on 29 October 2022
1.0 out of 5 stars,Rahul Biswas,https://www.amazon.in/gp/customer-reviews/R5XZEGJQ8BZ6W/ref=cm_cr_getr_d_rvw_ttl?ie=UTF8&ASIN=B08LNYTTVG, Badest Bad,"Very Very Bad. Not able to give Whitener like Amulya.In Amulya i use 1 table spoon for three cup of tea, in this i have to give 3. table spoon of milk for 3 cup",,"https://images-eu.ssl-images-amazon.com/images/S/amazon-avatars-global/2fa9d69e-5963-448a-96a1-d50bcaba1d61._CR187,0,1125,1125_SX48_.jpg",Reviewed in India 🇮🇳 on 4 April 2023
2.0 out of 5 stars,Soumitra Das,https://www.amazon.in/gp/customer-reviews/R1JMI9A9E02SC0/ref=cm_cr_getr_d_rvw_ttl?ie=UTF8&ASIN=B08LNYTTVG, Nope,Don't try,,"https://images-eu.ssl-images-amazon.com/images/S/amazon-avatars-global/8085b3b7-a153-4d58-8ac3-63e346c145aa._CR0,0,419,419_SX48_.jpg",Reviewed in India 🇮🇳 on 14 February 2023
5.0 out of 5 stars,Amazon Customer,https://www.amazon.in/gp/customer-reviews/R2HGWFWXJM9JT5/ref=cm_cr_getr_d_rvw_ttl?ie=UTF8&ASIN=B08LNYTTVG, good,like this,,"https://images-eu.ssl-images-amazon.com/images/S/amazon-avatars-global/default._CR0,0,1024,1024_SX48_.png",Reviewed in India 🇮🇳 on 4 December 2022
3.0 out of 5 stars,Rehaan,https://www.amazon.in/gp/customer-reviews/RP1BG6N0RQ3UY/ref=cm_cr_getr_d_rvw_ttl?ie=UTF8&ASIN=B08LNYTTVG, Product safety side not focused,"I like the product but inside smal small germs I found it. I am a regular customer of Amazon, I have ignored as a small mistake otherwise I will complaint it",,"https://images-eu.ssl-images-amazon.com/images/S/amazon-avatars-global/e338eea2-35a5-4d68-8212-4d7f867ad5f7._CR0,51.0,230,230_SX48_.jpg",Reviewed in India 🇮🇳 on 26 August 2021
1.0 out of 5 stars,jolly sinha ghosh,https://www.amazon.in/gp/customer-reviews/RSN7LKTQQFMGV/ref=cm_cr_getr_d_rvw_ttl?ie=UTF8&ASIN=B08LNYTTVG," Not soluble as such, taste not good as well","Not soluble as such, taste not good as well",,https://images-na.ssl-images-amazon.com/images/G/01/x-locale/common/grey-pixel.gif,Reviewed in India 🇮🇳 on 13 February 2023
4.0 out of 5 stars,Shhivraj More,https://www.amazon.in/gp/customer-reviews/R1YFPJSZZ5Y3A/ref=cm_cr_getr_d_rvw_ttl?ie=UTF8&ASIN=B08LNYTTVG, Good product I used it to make mava,Hope the packet has its pouch seal.,,https://images-na.ssl-images-amazon.com/images/G/01/x-locale/common/grey-pixel.gif,Reviewed in India 🇮🇳 on 15 September 2021
5.0 out of 5 stars,Daljeet Singh,https://www.amazon.in/gp/customer-reviews/R17CTLCHGOPDZU/ref=cm_cr_getr_d_rvw_ttl?ie=UTF8&ASIN=B08LNYTTVG, Fantastic product,"Neck to neck with other branded products available in local market
Reliable
Can be used not only for tea and coffee but also for Indian dishes",,https://images-na.ssl-images-amazon.com/images/G/01/x-locale/common/grey-pixel.gif,Reviewed in India 🇮🇳 on 5 March 2022
4.0 out of 5 stars,Anwar,https://www.amazon.in/gp/customer-reviews/R3EIOPAD0DVW07/ref=cm_cr_getr_d_rvw_ttl?ie=UTF8&ASIN=B08LNYTTVG, Good,Ok,,https://images-na.ssl-images-amazon.com/images/G/01/x-locale/common/grey-pixel.gif,Reviewed in India 🇮🇳 on 26 July 2021
2.0 out of 5 stars,Michael,https://www.amazon.in/gp/customer-reviews/R1J1BD3LVVN5HR/ref=cm_cr_getr_d_rvw_ttl?ie=UTF8&ASIN=B08LNYTTVG," Doesn't taste too good,some strong smell.",A peculiar smell in taste which is too strong!,,"https://images-eu.ssl-images-amazon.com/images/S/amazon-avatars-global/default._CR0,0,1024,1024_SX48_.png",Reviewed in India 🇮🇳 on 23 March 2022
1.0 out of 5 stars,renjith,https://www.amazon.in/gp/customer-reviews/R1LJMEZBX4PSPJ/ref=cm_cr_getr_d_rvw_ttl?ie=UTF8&ASIN=B08LNYTTVG, Bad,Nestle is good,,"https://images-eu.ssl-images-amazon.com/images/S/amazon-avatars-global/default._CR0,0,1024,1024_SX48_.png",Reviewed in India 🇮🇳 on 5 January 2023
5.0 out of 5 stars,Reema,https://www.amazon.in/gp/customer-reviews/R2VNRGJXG3MGO9/ref=cm_cr_getr_d_rvw_ttl?ie=UTF8&ASIN=B08LNYTTVG, Affordable milk powder,Taste and quantity both are good. Will be ordering more.,,"https://images-eu.ssl-images-amazon.com/images/S/amazon-avatars-global/default._CR0,0,1024,1024_SX48_.png",Reviewed in India 🇮🇳 on 30 March 2022
5.0 out of 5 stars,Surath Dutta,https://www.amazon.in/gp/customer-reviews/R1DDHLXPMOR09U/ref=cm_cr_getr_d_rvw_ttl?ie=UTF8&ASIN=B08LNYTTVG, Nice product for Tea,I am writing this review after using two weeks of this product. This milk gives perfect colour and flavor to your tea. It is also reasonably priced.,,"https://images-eu.ssl-images-amazon.com/images/S/amazon-avatars-global/default._CR0,0,1024,1024_SX48_.png",Reviewed in India 🇮🇳 on 3 August 2021
5.0 out of 5 stars,Lamrath CA,https://www.amazon.in/gp/customer-reviews/R169UKSHSROZKQ/ref=cm_cr_getr_d_rvw_ttl?ie=UTF8&ASIN=B08LNYTTVG, Tasty,This milk powder taste is very good and very perfect with Tea,"https://m.media-amazon.com/images/I/61OWHSdnNsL.88.jpg  
","https://images-eu.ssl-images-amazon.com/images/S/amazon-avatars-global/4aa65365-7ac9-4b29-a1fd-1406c87e00a6._CR62,0,375,375_SX48_.jpg",Reviewed in India 🇮🇳 on 13 December 2021
5.0 out of 5 stars,Anant kumar sharma,https://www.amazon.in/gp/customer-reviews/R39QO2I9WR29JQ/ref=cm_cr_getr_d_rvw_ttl?ie=UTF8&ASIN=B08LNYTTVG, Good and quality is also good.,Good taste and quality.,,https://images-na.ssl-images-amazon.com/images/G/01/x-locale/common/grey-pixel.gif,Reviewed in India 🇮🇳 on 16 January 2022
1.0 out of 5 stars,RishwanaTamkeen,https://www.amazon.in/gp/customer-reviews/R3U7A1N7X1CRX9/ref=cm_cr_getr_d_rvw_ttl?ie=UTF8&ASIN=B08LNYTTVG, Very bad product,Very bad product,,https://images-na.ssl-images-amazon.com/images/G/01/x-locale/common/grey-pixel.gif,Reviewed in India 🇮🇳 on 11 October 2022
5.0 out of 5 stars,Grace,https://www.amazon.in/gp/customer-reviews/R99XQFIAYDTUG/ref=cm_cr_getr_d_rvw_ttl?ie=UTF8&ASIN=B08LNYTTVG, Nice 👍,Nice taste taste good in coffee if boiled in water ..same like fresh milk,,https://images-na.ssl-images-amazon.com/images/G/01/x-locale/common/grey-pixel.gif,Reviewed in India 🇮🇳 on 23 July 2021
1.0 out of 5 stars,jagdishshukla,https://www.amazon.in/gp/customer-reviews/R1WUZCT1YKFBXU/ref=cm_cr_getr_d_rvw_ttl?ie=UTF8&ASIN=B08LNYTTVG," Vaste of money, bed in taste and come smell from powder.","Not useful for making tea, just waste your money if you buy this product.",,https://images-na.ssl-images-amazon.com/images/G/01/x-locale/common/grey-pixel.gif,Reviewed in India 🇮🇳 on 24 July 2022
5.0 out of 5 stars,Subhabrata Bhattacharya,https://www.amazon.in/gp/customer-reviews/R1VGCDWEXDTCLI/ref=cm_cr_getr_d_rvw_ttl?ie=UTF8&ASIN=B08LNYTTVG, Superb,"Perfect for tea,coffee,Making sweets.very thick.in a word fabulous.loved it.",,https://images-na.ssl-images-amazon.com/images/G/01/x-locale/common/grey-pixel.gif,Reviewed in India 🇮🇳 on 28 July 2021
1.0 out of 5 stars,Yash,https://www.amazon.in/gp/customer-reviews/RZBNHO1B9A1II/ref=cm_cr_getr_d_rvw_ttl?ie=UTF8&ASIN=B08LNYTTVG, Worst,Don’t buy,,"https://images-eu.ssl-images-amazon.com/images/S/amazon-avatars-global/b6b0eaa5-6bc6-4b75-8f35-5bd29843783e._CR62,0,375,375_SX48_.jpg",Reviewed in India 🇮🇳 on 17 September 2022
5.0 out of 5 stars,M.Vijayakumar,https://www.amazon.in/gp/customer-reviews/RCPDSWOKFEKXZ/ref=cm_cr_getr_d_rvw_ttl?ie=UTF8&ASIN=B08LNYTTVG, fantastic,"good product, ☕ time happy",,"https://images-eu.ssl-images-amazon.com/images/S/amazon-avatars-global/7eff35f1-3486-4b1c-aeb8-b2262078857d._CR0,0,1125,1125_SX48_.jpg",Reviewed in India 🇮🇳 on 21 June 2021
2.0 out of 5 stars,SANJIT GANGULI,https://www.amazon.in/gp/customer-reviews/RLGE5JOTC2P5F/ref=cm_cr_getr_d_rvw_ttl?ie=UTF8&ASIN=B08LNYTTVG, Good product quality,Good I try to first time product qualities good I I expect better quality is Amazon platform I not not expect this quality I request please next time better quality,,"https://images-eu.ssl-images-amazon.com/images/S/amazon-avatars-global/9eb25ee8-2c67-4fb8-939d-3f32576e5c92._CR0,0,500,500_SX48_.jpg",Reviewed in India 🇮🇳 on 26 February 2023
5.0 out of 5 stars,Souvik makhal,https://www.amazon.in/gp/customer-reviews/R21YDJOYD1YNND/ref=cm_cr_getr_d_rvw_ttl?ie=UTF8&ASIN=B08LNYTTVG, good,nice,,"https://images-eu.ssl-images-amazon.com/images/S/amazon-avatars-global/default._CR0,0,1024,1024_SX48_.png",Reviewed in India 🇮🇳 on 23 May 2021
2.0 out of 5 stars,BGR,https://www.amazon.in/gp/customer-reviews/R20RGCSRD6Q2H6/ref=cm_cr_getr_d_rvw_ttl?ie=UTF8&ASIN=B08LNYTTVG, This is not pure milk powder but has sugar added,"I almost was about to buy this as it was cheaper than all other skimmed milk powder in the market. Even the title and description says that it is a pure skimmed milk powder. But I was still curious due to bad experience with buying ""dairy whiteners"" in the past and later realising that it has sugar mixed. So, when I was trying to ascertain that this does not have sugar, I chanced to read the contents in the picture and realised that it has indeed sugar added.

This is in no way pure milk powder as it is a mix of sugar and milk powder. The title and description are fraudulent. I am simply happy that I did not buy this",,"https://images-eu.ssl-images-amazon.com/images/S/amazon-avatars-global/default._CR0,0,1024,1024_SX48_.png",Reviewed in India 🇮🇳 on 13 January 2023
2.0 out of 5 stars,Himanshu Verma,https://www.amazon.in/gp/customer-reviews/R3DAB0F4554CG2/ref=cm_cr_getr_d_rvw_ttl?ie=UTF8&ASIN=B08LNYTTVG, Moderate product,"This is okay used for first time
Less smell
Good flavour
Only best for tea and coffee",,https://images-na.ssl-images-amazon.com/images/G/01/x-locale/common/grey-pixel.gif,Reviewed in India 🇮🇳 on 14 October 2022
5.0 out of 5 stars,Shaik Ansari,https://www.amazon.in/gp/customer-reviews/R3FSMI9IOQ9F7S/ref=cm_cr_getr_d_rvw_ttl?ie=UTF8&ASIN=B08LNYTTVG, Good quality,Easy soluble in the milk. Good taste of tea and coffee. Easy to use.,,https://images-na.ssl-images-amazon.com/images/G/01/x-locale/common/grey-pixel.gif,Reviewed in India 🇮🇳 on 22 January 2023
5.0 out of 5 stars,Dipankar Dutta,https://www.amazon.in/gp/customer-reviews/R1NAW492F44QPO/ref=cm_cr_getr_d_rvw_ttl?ie=UTF8&ASIN=B08LNYTTVG, Super super duper duper,Excellent product thanks,,https://images-na.ssl-images-amazon.com/images/G/01/x-locale/common/grey-pixel.gif,Reviewed in India 🇮🇳 on 6 May 2022
5.0 out of 5 stars,Tarkeshwar Gupta,https://www.amazon.in/gp/customer-reviews/R62JMMKBBUBFJ/ref=cm_cr_getr_d_rvw_ttl?ie=UTF8&ASIN=B08LNYTTVG, Good.,Good for normal Daily Use.,,https://images-na.ssl-images-amazon.com/images/G/01/x-locale/common/grey-pixel.gif,Reviewed in India 🇮🇳 on 8 February 2023
5.0 out of 5 stars,Dr.Mullachery Kishor,https://www.amazon.in/gp/customer-reviews/R167ILQ4OS4YWC/ref=cm_cr_getr_d_rvw_ttl?ie=UTF8&ASIN=B08LNYTTVG, Excellent,"Excellent product of farmer fresh and better usage of making tea, goodness and wellness better and wonderful milk podwe thanks",,https://images-na.ssl-images-amazon.com/images/G/01/x-locale/common/grey-pixel.gif,Reviewed in India 🇮🇳 on 16 November 2022
