Star-rating,Name,Reviewer Profile Url,Review Title,Review Content,images,profile icon,Date,helpful,verified,variant
4.0 out of 5 stars,satya Sundar nayak,https://www.amazon.in/gp/customer-reviews/RHMSM9UOQH4U2/ref=cm_cr_arp_d_rvw_ttl?ie=UTF8&ASIN=B07RDPN7V3, Flavour full bread,Very Heard bread,,"https://images-eu.ssl-images-amazon.com/images/S/amazon-avatars-global/e2508c0f-22d1-434b-bc6e-52cf9504d484._CR280,0,716,716_SX48_.jpg",Reviewed in India 🇮🇳 on 18 June 2022,0,Verified Purchase,
3.0 out of 5 stars,Deepanjan Banerjee,https://www.amazon.in/gp/customer-reviews/R2KD0GUVQSKIR5/ref=cm_cr_arp_d_rvw_ttl?ie=UTF8&ASIN=B07RDPN7V3, Unsatisfactory loaf with actual raw garlic in a monstrosity of a packaging.,"Unsatisfactory taste, had actual raw garlic inside and the plastic packaging was nearly double the size of the actual loaf of bread.

If it was sold as a raw material instead of marketed as a ready to heat and eat product, the experience might be different.

Also, if one wanted raw garlic on bread, that can be easly done at home. Instead of raw garlic inside bread, why not use infused butter for better flavour?",,"https://images-eu.ssl-images-amazon.com/images/S/amazon-avatars-global/7ef9da80-850b-4ea9-a06d-36ede3401479._CR0,0,500,500_SX48_.jpg",Reviewed in India 🇮🇳 on 27 August 2022,0,Verified Purchase,
5.0 out of 5 stars,Varsha Kalyani,https://www.amazon.in/gp/customer-reviews/R1KQTX73C1M72L/ref=cm_cr_arp_d_rvw_ttl?ie=UTF8&ASIN=B07RDPN7V3, Good product but expensive,Good but costly,,https://images-na.ssl-images-amazon.com/images/G/01/x-locale/common/grey-pixel.gif,Reviewed in India 🇮🇳 on 29 November 2022,0,Verified Purchase,
4.0 out of 5 stars,Kaushik M.,https://www.amazon.in/gp/customer-reviews/R2MGB3FTBYY0UW/ref=cm_cr_arp_d_rvw_ttl?ie=UTF8&ASIN=B07RDPN7V3, Good tasting garlic bread,"It was a good piece of bread. Had just the right amount of garlic, but frankly I would’ve liked to a bit more garlicky",,https://images-na.ssl-images-amazon.com/images/G/01/x-locale/common/grey-pixel.gif,Reviewed in India 🇮🇳 on 14 February 2021,0,Verified Purchase,
5.0 out of 5 stars,The Exclusive reviewer,https://www.amazon.in/gp/customer-reviews/RZLLQSBNBMMLL/ref=cm_cr_arp_d_rvw_ttl?ie=UTF8&ASIN=B07RDPN7V3," Excellent packaging, versatile use and great flavour","1. The bread is super safe and healthy as it has natural ingredients and made up of whole wheat. If you are health conscious,this is the best handmade brand.
2. Very versatile bread. I use it with chana Dal curry filling, make it into a foot long with loads of vegetables - a la subway style, steam corn and peas, add mayonnaise and it turns into corn and peas subway.
3. Else, just toast the bread after cutting it in the middle and into smaller pieces with butter and add a layer of cheese and microwave , lo and behold you have garlic bread dominos style
4. Toast the bread after cutting it in half and cut into pieces and dip into pav bhaji and it tastes yummy.
5. Definitely love this and must try
6. Packaging keeps it fresh for more than seven days even outside the refrigerator.",,https://images-na.ssl-images-amazon.com/images/G/01/x-locale/common/grey-pixel.gif,Reviewed in India 🇮🇳 on 26 May 2020,10 people found this helpful,Verified Purchase,
1.0 out of 5 stars,t deepa,https://www.amazon.in/gp/customer-reviews/R2NPTGE2TG0VZV/ref=cm_cr_arp_d_rvw_ttl?ie=UTF8&ASIN=B07RDPN7V3, Not worth money paid,It was too dry and didn't have garlic taste at all,,https://images-na.ssl-images-amazon.com/images/G/01/x-locale/common/grey-pixel.gif,Reviewed in India 🇮🇳 on 11 April 2023,0,Verified Purchase,
5.0 out of 5 stars,J Soni,https://www.amazon.in/gp/customer-reviews/R161ES7XBPMZLU/ref=cm_cr_arp_d_rvw_ttl?ie=UTF8&ASIN=B07RDPN7V3, Great texture and flavour of bread,Loved this bread. We made Bruschettas from them which came out excellent. The flavours of garlic were subtle yet distinct. The bread was hard enough for thin slices to be cut as usually done for a loaf of bread. Flavours come out really well when roasted with a bit of butter/ghee. Will surely buy again.,,https://images-na.ssl-images-amazon.com/images/G/01/x-locale/common/grey-pixel.gif,Reviewed in India 🇮🇳 on 16 June 2020,0,Verified Purchase,
4.0 out of 5 stars,Harish Sirigiri,https://www.amazon.in/gp/customer-reviews/RTX5M9V3W1T2L/ref=cm_cr_arp_d_rvw_ttl?ie=UTF8&ASIN=B07RDPN7V3, Good taste but over priced,The bread is good but over priced,,https://images-na.ssl-images-amazon.com/images/G/01/x-locale/common/grey-pixel.gif,Reviewed in India 🇮🇳 on 28 July 2021,0,Verified Purchase,
2.0 out of 5 stars,Ana,https://www.amazon.in/gp/customer-reviews/RNLN6OGHUA7HX/ref=cm_cr_arp_d_rvw_ttl?ie=UTF8&ASIN=B07RDPN7V3, Very very Salty!,I wish it were softer and less salty. Tasted like a cardboard with salt. Have tried almost all their breads and this one is the worst. I love their bagel and sourdough! I hope they improve their recipe for garlic bread..,,https://images-na.ssl-images-amazon.com/images/G/01/x-locale/common/grey-pixel.gif,Reviewed in India 🇮🇳 on 17 May 2022,0,Verified Purchase,
4.0 out of 5 stars,SUMMAIYAH VIRANI,https://www.amazon.in/gp/customer-reviews/R3BCG3WSNS20AC/ref=cm_cr_arp_d_rvw_ttl?ie=UTF8&ASIN=B07RDPN7V3, Expensive,"Loved it awesome aroma when put cheese and baked it
But it's expensive",,https://images-na.ssl-images-amazon.com/images/G/01/x-locale/common/grey-pixel.gif,Reviewed in India 🇮🇳 on 8 November 2020,0,Verified Purchase,
2.0 out of 5 stars,BALAJI,https://www.amazon.in/gp/customer-reviews/R2E355445L9HG/ref=cm_cr_getr_d_rvw_ttl?ie=UTF8&ASIN=B07RDPN7V3, Its just a normal bread in the shape of Garlic brea,"The bread has no essence of garlic at all.
I had to add garlic butter to the flavor.
I would get 2 pounds of notmal wheat bread for the same cost",,"https://images-eu.ssl-images-amazon.com/images/S/amazon-avatars-global/7696ab56-9f2f-41d2-a7bb-4fe9bb38ee3d._CR0,0,450,450_SX48_.jpg",Reviewed in India 🇮🇳 on 17 May 2022,One person found this helpful,Verified Purchase,
2.0 out of 5 stars,ro-breit,https://www.amazon.in/gp/customer-reviews/R2F74BSW0EBWNL/ref=cm_cr_getr_d_rvw_ttl?ie=UTF8&ASIN=B07RDPN7V3," SALTY, OVER PRICED GARLIC BREAD","The bread came in a package that looks fancy. Once you open, it will remain open. You have to transfer to another container, such as a bread box. Surprised so much of salt was added in to a bread and taste is that of a poor quality bread. It is baked well. The price is exorbitant for the quality. Some bakeries sell French bread of approx 300 gams for Rs 60. This is a much better value than this bread. Wont buy it again",,"https://images-eu.ssl-images-amazon.com/images/S/amazon-avatars-global/default._CR0,0,1024,1024_SX48_.png",Reviewed in India 🇮🇳 on 17 April 2021,2 people found this helpful,Verified Purchase,
2.0 out of 5 stars,dAttitude,https://www.amazon.in/gp/customer-reviews/R1LAFK42GICIYA/ref=cm_cr_getr_d_rvw_ttl?ie=UTF8&ASIN=B07RDPN7V3," Very average bread loaf, you get something similar, or even better, in the local shops","While the taste did fairly well, the texture and the softness of the bread really did not meet the expectations.

The outer crust was softer then what you would expect in a loaf, however the inner bread was very dense and tough to chew.

We were expecting more of a hard/crispy outer crust and a light and airy inner bread, which is how it should have been.",,"https://images-eu.ssl-images-amazon.com/images/S/amazon-avatars-global/default._CR0,0,1024,1024_SX48_.png",Reviewed in India 🇮🇳 on 29 May 2021,0,Verified Purchase,
3.0 out of 5 stars,Amol Sathawane,https://www.amazon.in/gp/customer-reviews/R24DR5X20KPA9B/ref=cm_cr_getr_d_rvw_ttl?ie=UTF8&ASIN=B07RDPN7V3, Just ok product,The product isn't a garlic bread.. it's just an ordinary bread which needs to be modified with garlic and herbs to prepare garlic bread.. nt worth,,"https://images-eu.ssl-images-amazon.com/images/S/amazon-avatars-global/b2ee0023-d7f7-4c4d-8ec1-d84bd400979f._CR0,0,375,375_SX48_.jpg",Reviewed in India 🇮🇳 on 7 November 2020,0,Verified Purchase,
4.0 out of 5 stars,Amazon Customer,https://www.amazon.in/gp/customer-reviews/R2D416CPCPG1O0/ref=cm_cr_getr_d_rvw_ttl?ie=UTF8&ASIN=B07RDPN7V3, Yumm,It's a nice bread. delicious,,"https://images-eu.ssl-images-amazon.com/images/S/amazon-avatars-global/default._CR0,0,1024,1024_SX48_.png",Reviewed in India 🇮🇳 on 6 November 2020,0,Verified Purchase,
3.0 out of 5 stars,Anita S.,https://www.amazon.in/gp/customer-reviews/R3HCV9LLWQQ1G3/ref=cm_cr_getr_d_rvw_ttl?ie=UTF8&ASIN=B07RDPN7V3, Increase Garlic flavour,Flavour of garlic is less,,https://images-na.ssl-images-amazon.com/images/G/01/x-locale/common/grey-pixel.gif,Reviewed in India 🇮🇳 on 3 May 2021,0,Verified Purchase,
4.0 out of 5 stars,Ambika,https://www.amazon.in/gp/customer-reviews/R30CTZ0JRPHEET/ref=cm_cr_getr_d_rvw_ttl?ie=UTF8&ASIN=B07RDPN7V3, Good,Good,,https://images-na.ssl-images-amazon.com/images/G/01/x-locale/common/grey-pixel.gif,Reviewed in India 🇮🇳 on 30 January 2021,0,Verified Purchase,
5.0 out of 5 stars,NS,https://www.amazon.in/gp/customer-reviews/RSV4K7EV95I97/ref=cm_cr_getr_d_rvw_ttl?ie=UTF8&ASIN=B07RDPN7V3, 😋 yummy,Just add grated pizza cheese n chilly flakes. N some coriandeleaves n pepper. N there u go . Tastes the best!,,https://images-na.ssl-images-amazon.com/images/G/01/x-locale/common/grey-pixel.gif,Reviewed in India 🇮🇳 on 20 February 2021,One person found this helpful,Verified Purchase,
2.0 out of 5 stars,alan,https://www.amazon.in/gp/customer-reviews/R2VC5OOC6ZWDI3/ref=cm_cr_getr_d_rvw_ttl?ie=UTF8&ASIN=B07RDPN7V3, Very dense bread!,Overpriced dense garlic bread. Just wanted to try once. I prepare better tasting bread at home.,,https://images-na.ssl-images-amazon.com/images/G/01/x-locale/common/grey-pixel.gif,Reviewed in India 🇮🇳 on 20 May 2021,0,Verified Purchase,
2.0 out of 5 stars,Amita Bajaj,https://www.amazon.in/gp/customer-reviews/R1YZ4MRD3W3M99/ref=cm_cr_getr_d_rvw_ttl?ie=UTF8&ASIN=B07RDPN7V3, Pretend it is garlic bread?,Garlic flavour is not there. No crusty texture that is intrinsic to garlic bread...,,https://images-na.ssl-images-amazon.com/images/G/01/x-locale/common/grey-pixel.gif,Reviewed in India 🇮🇳 on 10 April 2021,One person found this helpful,Verified Purchase,
5.0 out of 5 stars,RK,https://www.amazon.in/gp/customer-reviews/R283DYF6FN3XPK/ref=cm_cr_getr_d_rvw_ttl?ie=UTF8&ASIN=B07RDPN7V3, Amazing,This brand is awesome. Loved everything I ordered from so far!!,,"https://images-eu.ssl-images-amazon.com/images/S/amazon-avatars-global/default._CR0,0,1024,1024_SX48_.png",Reviewed in India 🇮🇳 on 16 February 2021,One person found this helpful,Verified Purchase,
2.0 out of 5 stars,Mrs G.,https://www.amazon.in/gp/customer-reviews/R11YULQ398XG2M/ref=cm_cr_getr_d_rvw_ttl?ie=UTF8&ASIN=B07RDPN7V3, Not fresh or worth it,The bread was not fresh or soft. Not worth the money and not of good quality.,,"https://images-eu.ssl-images-amazon.com/images/S/amazon-avatars-global/default._CR0,0,1024,1024_SX48_.png",Reviewed in India 🇮🇳 on 15 August 2020,One person found this helpful,Verified Purchase,
1.0 out of 5 stars,jasleen kaur bhasin,https://www.amazon.in/gp/customer-reviews/R1B2QH7D7EJE3L/ref=cm_cr_getr_d_rvw_ttl?ie=UTF8&ASIN=B07RDPN7V3, Zero stars should be an option. The bread is like rock. Never purchase it. It's waste of money.,Worst bread I have ever eaten,,"https://images-eu.ssl-images-amazon.com/images/S/amazon-avatars-global/default._CR0,0,1024,1024_SX48_.png",Reviewed in India 🇮🇳 on 7 June 2022,0,Verified Purchase,
1.0 out of 5 stars,SS,https://www.amazon.in/gp/customer-reviews/R28IJ9SN77HORV/ref=cm_cr_getr_d_rvw_ttl?ie=UTF8&ASIN=B07RDPN7V3, ITS NOT BREAD,"it’s so hard and doesn’t have any garlic in it , it is way way way way toooooooo soft and rock like. Please do not buy this instead go to a bakery!",,"https://images-eu.ssl-images-amazon.com/images/S/amazon-avatars-global/default._CR0,0,1024,1024_SX48_.png",Reviewed in India 🇮🇳 on 17 June 2021,One person found this helpful,Verified Purchase,
2.0 out of 5 stars,Vishwas Goyal,https://www.amazon.in/gp/customer-reviews/R3G2U1FYM89VW2/ref=cm_cr_getr_d_rvw_ttl?ie=UTF8&ASIN=B07RDPN7V3, Not so great,Dry to Eat,,"https://images-eu.ssl-images-amazon.com/images/S/amazon-avatars-global/default._CR0,0,1024,1024_SX48_.png",Reviewed in India 🇮🇳 on 20 November 2020,0,Verified Purchase,
5.0 out of 5 stars,Dipa Biswas,https://www.amazon.in/gp/customer-reviews/R160RWDMFBT1X8/ref=cm_cr_getr_d_rvw_ttl?ie=UTF8&ASIN=B07RDPN7V3, Yum,So tastyyyyyyy.,,"https://images-eu.ssl-images-amazon.com/images/S/amazon-avatars-global/7037efe2-9a09-49f1-91ed-219faf730c77._CR0,0,499,499_SX48_.jpg",Reviewed in India 🇮🇳 on 22 December 2020,0,Verified Purchase,
2.0 out of 5 stars,SG,https://www.amazon.in/gp/customer-reviews/R1HQNC11GS7C5A/ref=cm_cr_getr_d_rvw_ttl?ie=UTF8&ASIN=B07RDPN7V3, Avoidable,Could have been better to taste. No value for money really.,,https://images-na.ssl-images-amazon.com/images/G/01/x-locale/common/grey-pixel.gif,Reviewed in India 🇮🇳 on 29 May 2020,One person found this helpful,Verified Purchase,
1.0 out of 5 stars,Aniruth,https://www.amazon.in/gp/customer-reviews/R25XMFW8A98MKW/ref=cm_cr_getr_d_rvw_ttl?ie=UTF8&ASIN=B07RDPN7V3, Worst ever bread that I have ever had.,"The smell of the bread was very disturbing, so was the flavour and taste. Did not expect such a product. Waste of money",,https://images-na.ssl-images-amazon.com/images/G/01/x-locale/common/grey-pixel.gif,Reviewed in India 🇮🇳 on 8 June 2021,0,Verified Purchase,
5.0 out of 5 stars,Arpan Desai,https://www.amazon.in/gp/customer-reviews/R38X1CYJGNID6S/ref=cm_cr_getr_d_rvw_ttl?ie=UTF8&ASIN=B07RDPN7V3, Super yummy garlic bread,Super yummy....Best bread for garlic bread eaters....,,https://images-na.ssl-images-amazon.com/images/G/01/x-locale/common/grey-pixel.gif,Reviewed in India 🇮🇳 on 28 May 2020,One person found this helpful,Verified Purchase,
1.0 out of 5 stars,Guest,https://www.amazon.in/gp/customer-reviews/R12CDTX0SD1M16/ref=cm_cr_getr_d_rvw_ttl?ie=UTF8&ASIN=B07RDPN7V3, Don't buy ever,One of the worst garlic bread ever. It was not fresh and secoundly it was full of whole garlic pieces all over the bread which is very awful to it. I literally puked after eating it,,https://images-na.ssl-images-amazon.com/images/G/01/x-locale/common/grey-pixel.gif,Reviewed in India 🇮🇳 on 2 September 2020,One person found this helpful,Verified Purchase,
1.0 out of 5 stars,Prathima,https://www.amazon.in/gp/customer-reviews/R2UWQA3RYBXZ0I/ref=cm_cr_getr_d_rvw_ttl?ie=UTF8&ASIN=B07RDPN7V3, Terrible product,"It tasted horrible, I don't recommend sending money on this at all.",,"https://images-eu.ssl-images-amazon.com/images/S/amazon-avatars-global/default._CR0,0,1024,1024_SX48_.png",Reviewed in India 🇮🇳 on 28 May 2021,0,Verified Purchase,
1.0 out of 5 stars,Dikshita kunder,https://www.amazon.in/gp/customer-reviews/R151C9BTPB8V9F/ref=cm_cr_getr_d_rvw_ttl?ie=UTF8&ASIN=B07RDPN7V3, Not at all worth it zero garlic hard bread,Zero garlic in it a normal bread with very high rate,,"https://images-eu.ssl-images-amazon.com/images/S/amazon-avatars-global/default._CR0,0,1024,1024_SX48_.png",Reviewed in India 🇮🇳 on 30 May 2021,0,Verified Purchase,
1.0 out of 5 stars,Vidyasagar,https://www.amazon.in/gp/customer-reviews/RABKL2Y4EXH3Y/ref=cm_cr_getr_d_rvw_ttl?ie=UTF8&ASIN=B07RDPN7V3, No tasty,No stuff and no tasty at all,,"https://images-eu.ssl-images-amazon.com/images/S/amazon-avatars-global/default._CR0,0,1024,1024_SX48_.png",Reviewed in India 🇮🇳 on 4 August 2021,0,Verified Purchase,
1.0 out of 5 stars,ramesh bhatia,https://www.amazon.in/gp/customer-reviews/R30F1P06QWXTLB/ref=cm_cr_getr_d_rvw_ttl?ie=UTF8&ASIN=B07RDPN7V3, NEVER ORDER THIS ITEM,"ORDERED MANY TIMES , ALWAYS RECD 1 DAY BEFORE EXPIRY. TWICE RECD.EXPIRED.",,"https://images-eu.ssl-images-amazon.com/images/S/amazon-avatars-global/default._CR0,0,1024,1024_SX48_.png",Reviewed in India 🇮🇳 on 24 September 2020,2 people found this helpful,Verified Purchase,
1.0 out of 5 stars,Sid,https://www.amazon.in/gp/customer-reviews/R1B3V6N8LCUKER/ref=cm_cr_getr_d_rvw_ttl?ie=UTF8&ASIN=B07RDPN7V3, Waste,Waste of money,,"https://images-eu.ssl-images-amazon.com/images/S/amazon-avatars-global/default._CR0,0,1024,1024_SX48_.png",Reviewed in India 🇮🇳 on 9 June 2021,0,Verified Purchase,
1.0 out of 5 stars,Nagendra kumar,https://www.amazon.in/gp/customer-reviews/R4WM7SCCCR64N/ref=cm_cr_getr_d_rvw_ttl?ie=UTF8&ASIN=B07RDPN7V3, Not worth,Not worth,,"https://images-eu.ssl-images-amazon.com/images/S/amazon-avatars-global/6af250dc-5c2c-4f80-931c-28a646c4baa3._CR0,0,1402,1402_SX48_.jpg",Reviewed in India 🇮🇳 on 5 June 2021,0,Verified Purchase,
1.0 out of 5 stars,Mehernosh,https://www.amazon.in/gp/customer-reviews/R11WE0WHCK6SLT/ref=cm_cr_getr_d_rvw_ttl?ie=UTF8&ASIN=B07RDPN7V3, Stale!,Stale bread was given,,https://images-na.ssl-images-amazon.com/images/G/01/x-locale/common/grey-pixel.gif,Reviewed in India 🇮🇳 on 5 March 2021,One person found this helpful,Verified Purchase,
1.0 out of 5 stars,Rohitash,https://www.amazon.in/gp/customer-reviews/R3PO3DDDXXSCCM/ref=cm_cr_getr_d_rvw_ttl?ie=UTF8&ASIN=B07RDPN7V3, Not fresh,Very dry,,https://images-na.ssl-images-amazon.com/images/G/01/x-locale/common/grey-pixel.gif,Reviewed in India 🇮🇳 on 24 April 2021,0,Verified Purchase,
1.0 out of 5 stars,userx23,https://www.amazon.in/gp/customer-reviews/RX2SPLAADC9GU/ref=cm_cr_getr_d_rvw_ttl?ie=UTF8&ASIN=B07RDPN7V3, Too dense and no flavour,Wasn’t good at all,,https://images-na.ssl-images-amazon.com/images/G/01/x-locale/common/grey-pixel.gif,Reviewed in India 🇮🇳 on 1 November 2020,0,Verified Purchase,
5.0 out of 5 stars,Umesh Ramchandran,https://www.amazon.in/gp/customer-reviews/R39BGWNITEE4LT/ref=cm_cr_getr_d_rvw_ttl?ie=UTF8&ASIN=B07RDPN7V3, Good buy,"Good quality, good product",,https://images-na.ssl-images-amazon.com/images/G/01/x-locale/common/grey-pixel.gif,Reviewed in India 🇮🇳 on 17 January 2020,0,Verified Purchase,
4.0 out of 5 stars,Jason Mendes,https://www.amazon.in/gp/customer-reviews/R3AV35FUEUGYGV/ref=cm_cr_getr_d_rvw_ttl?ie=UTF8&ASIN=B07RDPN7V3, Good product,I just wish the bread was softer.,,"https://images-eu.ssl-images-amazon.com/images/S/amazon-avatars-global/default._CR0,0,1024,1024_SX48_.png",Reviewed in India 🇮🇳 on 28 June 2020,0,Verified Purchase,
