id,Name,Review Content,date,title,Star-rating,images,helpful
R12WX0K8E8ODF1,Pra,Product was good but it's not good to waist so much cardboard in each delivery. Packaging boxes could have been easily avoided just follow what big basket does.,Reviewed in India on 8 November 2022,Too much packing,3,,1
R1RO9MSINQIR1H,Sagar Zilpe,Good taste and fresh,Reviewed in India on 31 July 2022,Value for money,5,,0
R2WPJTESV49PFC,Ms A., Extremely disappointed to get rotten fruit crawling with worms.,Reviewed in India on 29 May 2022,Crawling with worms,3,,0
R2E0GXBOBR2WI0,Kishan Mehra,Few mangoes were soiled,Reviewed in India on 22 May 2022,Soiled Mangoes,3,,0
RL69HRJQAJRDN,Shyla khan ,As its is same show in picture i got big 3 mango of 1 kg in 99 and on time i m happy with it 😇and its was tasty and my family also like it,Reviewed in India on 25 April 2021,Best,3,https://images-na.ssl-images-amazon.com/images/I/61iSuglKQHL.jpg,1
R1MAZX8JBM7VIT,Unknown,Very nice mangoes,Reviewed in India on 11 March 2022,Nice,5,,0
R3MYI6ACBGYGJ4,Vani,not a good quality mangoes,Reviewed in India on 30 March 2023,mango are of different quality it's thotaputi which is not mentioned in the application,1,,0
R24WT0E1O0KGO7,ArtA,"Were raw when delivered,  but do not ripen. Just become black and spoilt. On cutting are still totally raw inside",Reviewed in India on 23 February 2023,Very bad,1,https://m.media-amazon.com/images/I/61pC9UwUrhL.jpg,1
R3FLJFHGXD2X7J,Amazon Customer,Tasty 👍,Reviewed in India on 29 May 2021,Good quality 👌,4,,0
RVDOX93ZHVSAF,Rohan ,Pretty good.they were green got ripe in a few days,Reviewed in India on 13 May 2021,Not too bad,3,,0
RM37IOE32D83B,Pragati sahu,Not that good,Reviewed in India on 22 June 2021,It was ok!!,3,,0
RGC1LBOM0J5KK,Rajesh Karkera,"There's no point in posting a photograph. This is the first time I have been so disappointed with the quality of an item from Amazon Fresh.The mangoes were delivered complete;y raw, they were stark green in colour. So I gave them the benefit of the doubt and kept them to ripen in a wooden mango box.After a week. when they started showing some colour. We cut it and tried it.These were the worst tasting Badami mangoes we had!Amazon needs to take action against this vendor!",Reviewed in India on 24 May 2022,Utter Dissapointment.,1,,1
R131EDPBCF03SQ,Carmelita Fernandes,"I was disappointed to receive a broken mango among three.  It seemed as if it had fallen from a height and split open.  Not only that, it was completely soft and spoiled inside.Worse, I couldn't return it as a spoiled mango can't obviously be returned.  So, my advice is to not buy fresh products from Amazon Pantry.A waste.Carmelita FernandesFood & Travel Writer",Reviewed in India on 20 June 2020,Bad(n)ami Aam,2,,0
R1YS674KBT35JX,Dayananda Aithal,Uneven sizes I disliked.,Reviewed in India on 9 May 2021,"OK, nothing special",3,,0
RS7SV6GWN18G4,Amit Gupta,Ordered multiple times and ecerytime I received unripe mangoes with greenish surface. Tried to ripe it by wrapping in newspaper but it started getting rotten after 4-5 days but taste didn't turn any sweet. Waste of money.,Reviewed in India on 16 May 2021,Waste of Money,2,,0
R2XB2MZ7NHAUV5,Ashish U.,,Reviewed in India on 14 April 2022,Raw Green Mangoes Delivered. Not as advertised. Not recommended,2,,0
R26LTF95A6FVIH,akbar b.,"It will be better to buy from fruit seller, Not online. Quality of fruit is big issue.",Reviewed in India on 29 May 2020,Quality of mango is poor,3,,1
R2Y3IXQTZMZOF6,RND,I got three mangoes and out of them one big mango had worms. So had to throw the whole mango away.,Reviewed in India on 21 July 2021,Not worth the cost,2,,0
R1T5JTXIEVNHWX,Paromita Boruwa,Received over riped mangoes which went waste,Reviewed in India on 14 July 2020,Ok,3,,0
R2PAI29WIX18KV,Maya Bhat,"Out of 3kg, 1kg badami mango was delivered damaged",Reviewed in India on 29 May 2020,Did not meet my expectations,3,,0
R3JABLX73TDHV4,Tejas M.,Ordered 3 kg but found 1 kg over riped.,Reviewed in India on 17 May 2020,Over riped mangoes,3,,0
R3P99IWO5FWH1P,AK,Oh! I just loved the mangoes🥭. They were delicious😋 sweet flavor and good value for money. Thank you🙏,Reviewed in India on 25 July 2021,Good Badami Mangoes 🥭,5,,0
R19U55XJVPZEYJ,Ramchandra,The mangoes were underripe when they arrived. It took 5 days to ripen.The mangoes were not sweet at all.,Reviewed in India on 10 May 2021,Underripe unsweet mangoes,2,,0
RCNFNIU7OS17Z,Stealp Crack,"Sweet, pulpy and juicy. Would recommend eating soon after delivery and to avoid stocking for more than 3 days though",Reviewed in India on 6 June 2021,"Good, but do not stock",5,,0
R25FEWFU31Q5UT,RAMESH BISHNOI,Just fine. Not great.,Reviewed in India on 3 July 2020,Ok,3,,0
RMT7KVEATV5OA,Amazon Customer,The mangoes are artificially ripened. Means raw mangoes were ripened. No value for money. Will never buy again.,Reviewed in India on 12 May 2021,The mangoes were artificially ripened,2,,0
R1CHUD5VRTJDS0,tushar,Pretty bad experienceOnly 3 mngoes in 1 kg that too the biggest was rotten.I will rather buy eatables outside.,Reviewed in India on 18 June 2022,Rotten mango inside,1,https://m.media-amazon.com/images/I/71MjqHKN3wL.jpg,0
R21DR7I7QQIFLH,M. Hasini Sai Kusuma,Very sour,Reviewed in India on 10 June 2020,Mango badami,3,,0
R3BI4SYPSWDL0F,Michael F.,The mango looked very good when delivered. But when cut and served it was sour and tasteless. This was my first time ordering from Amazon fresh and I'm never going to order again. I would rather prefer buying from my local vendor at a higher price then buy low quality fruits from you guys at a discount.,Reviewed in India on 19 April 2021,Worst tasting mangoes I've ever had,1,,0
R1ZBMKYL5FBL80,Varun C.,One of the mangoe was rotten and the remaining were not ripen.,Reviewed in India on 23 April 2021,Bad quality mangoes,2,,0
R2WP1PHAZRF36U,Rumpelstiltskin,Yummy.  Great mango. Great price.  Well done amazon,Reviewed in India on 18 July 2021,Super.,5,,0
R21C0I58IX2CDX,Amazon Customer,Two of them were delivered rotten,Reviewed in India on 27 May 2021,Disappointed,2,,0
R1RG3R47AMD4JY,Nitu,Worst experience ever. The mango was not sweet at all neither good in taste it was looking like a fake fruit.,Reviewed in India on 12 May 2022,The mango was not original,1,,0
RW6J3J1C1WIGW,Anurag sharma,"Rotten mangoes, total waste of money, not recommended to purchase fruits from amzon. They are not monitoring the quality of fruits.",Reviewed in India on 9 May 2022,Total waste of money,1,,0
RTYTG57JZN1WJ,Preeta Satish,It was not matured enough to ripen.,Reviewed in India on 27 April 2021,Quality and flavor,2,,0
R57AKFKJ9PFMN,Saifullah Ansari,Faaaltu,Reviewed in India on 21 September 2022,Bekaaar,1,,0
R9U527ER8CQKO,Sanjiv,Waste of money ey,Reviewed in India on 19 May 2021,Mangi flavour,2,,0
R6AULH2OHAI7V,darnish,"recieved nearly raw green mangoes, totally sour",Reviewed in India on 6 April 2021,"useless unriped mangoes, uneatable",2,,0
RKQNN8MK2Z1BE,Karishma.I.A,Delicious and tasty. Awesome mangoes,Reviewed in India on 31 August 2021,Tasty and delicious,5,,0
RR8S8Y8NHMOTQ,Colin Fernandes,Mangoes are raw and not sweet,Reviewed in India on 7 April 2021,Raw mangoes,2,,0
R3KDU57I71Y05O,Palathjaved,Waste of money no taste,Reviewed in India on 23 April 2021,waste,2,,0
RD41RZOY9T7OS,Mansi Sarna,Didn't expect this from Amazon.. Really unhappy with the delivery of mangoes. U should return my money as the quality is not good.,Reviewed in India on 11 April 2022,"Its only raw mango please do return my money it's no value ,no number to complain",1,https://m.media-amazon.com/images/I/81X-HpG1t3L.jpg,0
R2ITZMOJMZS7F,Jayeeta B,"Unripe, sour, very poor quality. Even after keeping it for sometime, the mangoes did not ripen. Waste of money.",Reviewed in India on 5 May 2022,Not worth a penny,1,,0
R20O5CGTTQM5AK,Doctor,Mangoes were all raw and in a day all of them just turned black. We had to throw them. Please don't buy,Reviewed in India on 12 April 2022,"Absolute cheating and waste of money, had 4 big raw mangoe",1,,1
R21FXNYDFRNBZM,Elated_plant_decor,I got tasty mangoes 🥭No complaints,Reviewed in India on 19 April 2021,👍🏻,5,,1
R12YJ1MO8FBWBC,Manoj Kundapura ,Don purchase,Reviewed in India on 22 April 2021,Not good,2,,0
RB39T82TJ03CI,ADRIPT,SUPER FRESH AND YUMMY,Reviewed in India on 24 July 2021,SUPER FRESH AND YUMMY,5,,0
R2IP7RDMNCHDX4,Vijay Kumar,"Totally waste of money to purchase this mangoes, all are not able to eat..",Reviewed in India on 8 May 2022,Waist of money,1,,0
R1NCQJEG8EPLHF,Ramesh,"They were very tasty. We all loved it. Must be tried. But, little costly as we receive only 5 mangoes which are medium in size.",Reviewed in India on 28 May 2020,Ripened and Tasty Mangoes.,5,,1
R3MMN6ARR9HEUB,shaheen,Liked everything about it.,Reviewed in India on 25 June 2021,Simply awesome,5,,0
