Star-rating,Name,Reviewer Profile Url,Review Title,Review Content,images,profile icon,Date
5.0 out of 5 stars,Anshu,https://www.amazon.in/gp/customer-reviews/R25CR7H31XN1SE/ref=cm_cr_arp_d_rvw_ttl?ie=UTF8&ASIN=B01NGYXEJB, Good,I love mother dairy cheese 😋,,"https://images-eu.ssl-images-amazon.com/images/S/amazon-avatars-global/f434dce9-4320-49a0-81e9-2b542a588d1a._CR0,0,500,500_SX48_.jpg",Reviewed in India 🇮🇳 on 20 March 2023
5.0 out of 5 stars,Pravash,https://www.amazon.in/gp/customer-reviews/R3IB12QO8LAJU9/ref=cm_cr_arp_d_rvw_ttl?ie=UTF8&ASIN=B01NGYXEJB, Price not attractive,Except the price all is good.,,"https://images-eu.ssl-images-amazon.com/images/S/amazon-avatars-global/default._CR0,0,1024,1024_SX48_.png",Reviewed in India 🇮🇳 on 23 February 2023
4.0 out of 5 stars,palfreyman1414,https://www.amazon.in/gp/customer-reviews/R1RTC5WET3T0GW/ref=cm_cr_arp_d_rvw_ttl?ie=UTF8&ASIN=B01NGYXEJB, Exactly what you expect,"If you expect individually wrapped slices of processed cheese, you will not be disappointed.

The key, hence the four stars, is in the word ""processed"". Everything about it is artificial, from the yellow colouring (which probably owes a lot to turmeric) through the texture (probably from added plasticisers) to the packaging (which perhaps single-handedly keeps the petrochemicals industry afloat).

If you can live with that (and I, perforce have to) then this is perfectly adequate stuff. Use it in cheese toast, on omelettes, in toasted sandwiches... it won't disappoint.",,https://images-na.ssl-images-amazon.com/images/G/01/x-locale/common/grey-pixel.gif,Reviewed in India 🇮🇳 on 25 July 2022
5.0 out of 5 stars,Placeholder,https://www.amazon.in/gp/customer-reviews/R1A7TL17VLCD5O/ref=cm_cr_arp_d_rvw_ttl?ie=UTF8&ASIN=B01NGYXEJB, Tasty and cheese,Yummy.,,https://images-na.ssl-images-amazon.com/images/G/01/x-locale/common/grey-pixel.gif,Reviewed in India 🇮🇳 on 2 November 2022
4.0 out of 5 stars,surendra,https://www.amazon.in/gp/customer-reviews/R1RIB5FBTQ1KC/ref=cm_cr_arp_d_rvw_ttl?ie=UTF8&ASIN=B01NGYXEJB, Ok,Ok,,https://images-na.ssl-images-amazon.com/images/G/01/x-locale/common/grey-pixel.gif,Reviewed in India 🇮🇳 on 20 June 2022
5.0 out of 5 stars,Mohd Zain,https://www.amazon.in/gp/customer-reviews/R2WTDCNROR1MWG/ref=cm_cr_arp_d_rvw_ttl?ie=UTF8&ASIN=B01NGYXEJB, My kids love it!,The slice thickness is good as compared to others.,,https://images-na.ssl-images-amazon.com/images/G/01/x-locale/common/grey-pixel.gif,Reviewed in India 🇮🇳 on 28 August 2022
3.0 out of 5 stars,Customer,https://www.amazon.in/gp/customer-reviews/RJAZNTCZEICX3/ref=cm_cr_arp_d_rvw_ttl?ie=UTF8&ASIN=B01NGYXEJB, Ok,Ok,,https://images-na.ssl-images-amazon.com/images/G/01/x-locale/common/grey-pixel.gif,Reviewed in India 🇮🇳 on 11 August 2022
5.0 out of 5 stars,Navaid Rahmani,https://www.amazon.in/gp/customer-reviews/R377I2A2RH99FT/ref=cm_cr_arp_d_rvw_ttl?ie=UTF8&ASIN=B01NGYXEJB, So yummy,Really Amazicious (Amazon's quick delivery and Mother Dairy's delicious Cheese),,https://images-na.ssl-images-amazon.com/images/G/01/x-locale/common/grey-pixel.gif,Reviewed in India 🇮🇳 on 1 February 2022
5.0 out of 5 stars,Radhey R.,https://www.amazon.in/gp/customer-reviews/RC1GW0IO9UG9H/ref=cm_cr_arp_d_rvw_ttl?ie=UTF8&ASIN=B01NGYXEJB, Love it product,This is very tasty cheese,,https://images-na.ssl-images-amazon.com/images/G/01/x-locale/common/grey-pixel.gif,Reviewed in India 🇮🇳 on 21 January 2022
4.0 out of 5 stars,Mukul,https://www.amazon.in/gp/customer-reviews/R9BILDP2MBUDR/ref=cm_cr_arp_d_rvw_ttl?ie=UTF8&ASIN=B01NGYXEJB, Better amongst all,Taste and thinkness is better than all available,,https://images-na.ssl-images-amazon.com/images/G/01/x-locale/common/grey-pixel.gif,Reviewed in India 🇮🇳 on 20 March 2021
4.0 out of 5 stars,Payal,https://www.amazon.in/gp/customer-reviews/RS77UP5RWGF2E/ref=cm_cr_getr_d_rvw_ttl?ie=UTF8&ASIN=B01NGYXEJB, Good,I like it,,"https://images-eu.ssl-images-amazon.com/images/S/amazon-avatars-global/default._CR0,0,1024,1024_SX48_.png",Reviewed in India 🇮🇳 on 29 May 2021
4.0 out of 5 stars,khyati thakkar,https://www.amazon.in/gp/customer-reviews/R3OXM8K0RFUWX6/ref=cm_cr_getr_d_rvw_ttl?ie=UTF8&ASIN=B01NGYXEJB, Cheese for making your day,"We loved the flavour as really cheesy, typical cheese flavor, authentic. Packaging is also eye catching. Good for simple sandwiches.",,"https://images-eu.ssl-images-amazon.com/images/S/amazon-avatars-global/default._CR0,0,1024,1024_SX48_.png",Reviewed in India 🇮🇳 on 18 August 2020
5.0 out of 5 stars,Komal Sharma,https://www.amazon.in/gp/customer-reviews/RQFUOD7UOI24O/ref=cm_cr_getr_d_rvw_ttl?ie=UTF8&ASIN=B01NGYXEJB, Mother Dairy cheese,I honestly find Mother Dairy cheese slices as well as the cubes/chiplets way better than Amul & even Britannia. This is what we always order and consume now,,"https://images-eu.ssl-images-amazon.com/images/S/amazon-avatars-global/default._CR0,0,1024,1024_SX48_.png",Reviewed in India 🇮🇳 on 7 May 2021
4.0 out of 5 stars,KANCHAN,https://www.amazon.in/gp/customer-reviews/R2E32VJVNSGCEO/ref=cm_cr_getr_d_rvw_ttl?ie=UTF8&ASIN=B01NGYXEJB, Lovely,Like it,,"https://images-eu.ssl-images-amazon.com/images/S/amazon-avatars-global/default._CR0,0,1024,1024_SX48_.png",Reviewed in India 🇮🇳 on 29 May 2021
5.0 out of 5 stars,Amazon Customer,https://www.amazon.in/gp/customer-reviews/R2GOVHRMZCO13Q/ref=cm_cr_getr_d_rvw_ttl?ie=UTF8&ASIN=B01NGYXEJB," Good taste for sandwiches, burgers, rolls or even plain for eating","Good taste.
In this I want to appreciate amazon as i was thinking what if cheese melt while delivering but there packaging was amazing and it was fresh",,"https://images-eu.ssl-images-amazon.com/images/S/amazon-avatars-global/default._CR0,0,1024,1024_SX48_.png",Reviewed in India 🇮🇳 on 24 April 2021
4.0 out of 5 stars,Blue Sapphire,https://www.amazon.in/gp/customer-reviews/RF3GI8RPX978R/ref=cm_cr_getr_d_rvw_ttl?ie=UTF8&ASIN=B01NGYXEJB, Good,These are better than Amul cheese slices for sure! Totally worth the price.,,"https://images-eu.ssl-images-amazon.com/images/S/amazon-avatars-global/default._CR0,0,1024,1024_SX48_.png",Reviewed in India 🇮🇳 on 17 December 2020
4.0 out of 5 stars,jigyasa,https://www.amazon.in/gp/customer-reviews/RL6IK2LG358NO/ref=cm_cr_getr_d_rvw_ttl?ie=UTF8&ASIN=B01NGYXEJB, Taste good,Better than amul,,https://images-na.ssl-images-amazon.com/images/G/01/x-locale/common/grey-pixel.gif,Reviewed in India 🇮🇳 on 21 April 2021
3.0 out of 5 stars,Manan Sheth,https://www.amazon.in/gp/customer-reviews/R1XPXH08B43KK4/ref=cm_cr_getr_d_rvw_ttl?ie=UTF8&ASIN=B01NGYXEJB, Cow milk based cheese good quality,Slightly cow milk flavour so if you like tht taste it's very good but otherwise just like my kid you simply avoid.,,https://images-na.ssl-images-amazon.com/images/G/01/x-locale/common/grey-pixel.gif,Reviewed in India 🇮🇳 on 15 May 2021
5.0 out of 5 stars,Sumit Gupta,https://www.amazon.in/gp/customer-reviews/R1DNFP0FQJ2L2X/ref=cm_cr_getr_d_rvw_ttl?ie=UTF8&ASIN=B01NGYXEJB, Most cost effective,Most cost effective,,https://images-na.ssl-images-amazon.com/images/G/01/x-locale/common/grey-pixel.gif,Reviewed in India 🇮🇳 on 30 November 2021
5.0 out of 5 stars,Syzygy,https://www.amazon.in/gp/customer-reviews/R4BTLFBDPVQDF/ref=cm_cr_getr_d_rvw_ttl?ie=UTF8&ASIN=B01NGYXEJB, Tasty & good quality cheese slices,"Intially, was skeptical in trying out Mother Dairy Cheese slices after having consumed Britannia cheese slices for several years.

But, after trying it once, there are no two doubts about the taste of these cheese slices. I feel that they taste much better than Britannia slices & quality is also at par with Britannia slices.",,https://images-na.ssl-images-amazon.com/images/G/01/x-locale/common/grey-pixel.gif,Reviewed in India 🇮🇳 on 24 October 2019
4.0 out of 5 stars,Meenakshi,https://www.amazon.in/gp/customer-reviews/R17WUL3QKZDU3K/ref=cm_cr_getr_d_rvw_ttl?ie=UTF8&ASIN=B01NGYXEJB, Good,It was good,,"https://images-eu.ssl-images-amazon.com/images/S/amazon-avatars-global/default._CR0,0,1024,1024_SX48_.png",Reviewed in India 🇮🇳 on 27 December 2020
3.0 out of 5 stars,Ravi Sagar,https://www.amazon.in/gp/customer-reviews/R1IM19EBFMQCHY/ref=cm_cr_getr_d_rvw_ttl?ie=UTF8&ASIN=B01NGYXEJB, Not good as compare with Amul,not good taste i always prefer Amul cheese,,"https://images-eu.ssl-images-amazon.com/images/S/amazon-avatars-global/default._CR0,0,1024,1024_SX48_.png",Reviewed in India 🇮🇳 on 27 July 2021
5.0 out of 5 stars,Vikram S.,https://www.amazon.in/gp/customer-reviews/R3CUBFIABUOFDD/ref=cm_cr_getr_d_rvw_ttl?ie=UTF8&ASIN=B01NGYXEJB," Mother's Cheese, with Ease","Pretty good and tasty cheese. I run a professional kitchen and it goes well with my Burgers.
Better than Britannia.
Also cheaper on the wallet.
Go Suck on Mother's Cheese, with ease",,"https://images-eu.ssl-images-amazon.com/images/S/amazon-avatars-global/default._CR0,0,1024,1024_SX48_.png",Reviewed in India 🇮🇳 on 5 September 2020
5.0 out of 5 stars,Agnishwar Sinha,https://www.amazon.in/gp/customer-reviews/R3BQ11MPS9T7B6/ref=cm_cr_getr_d_rvw_ttl?ie=UTF8&ASIN=B01NGYXEJB, Perfect!,"Absolute value for money. Great flavour and taste, better than other brands.",,"https://images-eu.ssl-images-amazon.com/images/S/amazon-avatars-global/default._CR0,0,1024,1024_SX48_.png",Reviewed in India 🇮🇳 on 23 April 2021
5.0 out of 5 stars,Ravi Mehra,https://www.amazon.in/gp/customer-reviews/R20DILZDEDRIZK/ref=cm_cr_getr_d_rvw_ttl?ie=UTF8&ASIN=B01NGYXEJB, yummy and Delicious,"Tastes yummy and Delicious, I use it in Sandwiches, absolutely Delicious😋😋😋😋",,"https://images-eu.ssl-images-amazon.com/images/S/amazon-avatars-global/default._CR0,0,1024,1024_SX48_.png",Reviewed in India 🇮🇳 on 20 April 2021
5.0 out of 5 stars,parminder,https://www.amazon.in/gp/customer-reviews/R14KDTE2FS1DDP/ref=cm_cr_getr_d_rvw_ttl?ie=UTF8&ASIN=B01NGYXEJB, Good,Good,,https://images-na.ssl-images-amazon.com/images/G/01/x-locale/common/grey-pixel.gif,Reviewed in India 🇮🇳 on 21 September 2021
4.0 out of 5 stars,Amazon Customer,https://www.amazon.in/gp/customer-reviews/R3CYOTRGL5MHJM/ref=cm_cr_getr_d_rvw_ttl?ie=UTF8&ASIN=B01NGYXEJB, good,good,,https://images-na.ssl-images-amazon.com/images/G/01/x-locale/common/grey-pixel.gif,Reviewed in India 🇮🇳 on 21 October 2020
5.0 out of 5 stars,Wasim,https://www.amazon.in/gp/customer-reviews/R2RNDMAPVH37FF/ref=cm_cr_getr_d_rvw_ttl?ie=UTF8&ASIN=B01NGYXEJB, Good,Current date product,,https://images-na.ssl-images-amazon.com/images/G/01/x-locale/common/grey-pixel.gif,Reviewed in India 🇮🇳 on 30 July 2021
1.0 out of 5 stars,Rashmi N,https://www.amazon.in/gp/customer-reviews/R3KV4SO7CLTNAS/ref=cm_cr_getr_d_rvw_ttl?ie=UTF8&ASIN=B01NGYXEJB, Bad quality cheese slices.,The price of the product is cheaper than other company products. But the quality is bad. The cheese slices are difficult to remove from the plastic wrap. It just melts quickly and sticks like butter to the wrap. The taste is also slightly different.,,https://images-na.ssl-images-amazon.com/images/G/01/x-locale/common/grey-pixel.gif,Reviewed in India 🇮🇳 on 3 August 2022
5.0 out of 5 stars,Sudheer Godgeri,https://www.amazon.in/gp/customer-reviews/R3V95DVNJUEP89/ref=cm_cr_getr_d_rvw_ttl?ie=UTF8&ASIN=B01NGYXEJB, Tasties of cheese slices in market,"Wish it was a bit thicker - but other than that - my kids won't have any other
brand. It tastes wholesome, is good in taste and very reasonably priced.",,https://images-na.ssl-images-amazon.com/images/G/01/x-locale/common/grey-pixel.gif,Reviewed in India 🇮🇳 on 18 September 2020
4.0 out of 5 stars,Amazon Customer,https://www.amazon.in/gp/customer-reviews/R3CTE4ZOC2W55E/ref=cm_cr_getr_d_rvw_ttl?ie=UTF8&ASIN=B01NGYXEJB, Good,Very good,,"https://images-eu.ssl-images-amazon.com/images/S/amazon-avatars-global/default._CR0,0,1024,1024_SX48_.png",Reviewed in India 🇮🇳 on 19 September 2020
5.0 out of 5 stars,Renu,https://www.amazon.in/gp/customer-reviews/R3TRNI7DLMA6YY/ref=cm_cr_getr_d_rvw_ttl?ie=UTF8&ASIN=B01NGYXEJB, Good,Good,,"https://images-eu.ssl-images-amazon.com/images/S/amazon-avatars-global/default._CR0,0,1024,1024_SX48_.png",Reviewed in India 🇮🇳 on 15 August 2021
4.0 out of 5 stars,Neha,https://www.amazon.in/gp/customer-reviews/R2RS4841WE1R8J/ref=cm_cr_getr_d_rvw_ttl?ie=UTF8&ASIN=B01NGYXEJB, satisfied,"tasty, good healthy",,"https://images-eu.ssl-images-amazon.com/images/S/amazon-avatars-global/default._CR0,0,1024,1024_SX48_.png",Reviewed in India 🇮🇳 on 27 June 2020
5.0 out of 5 stars,Amazon Customer,https://www.amazon.in/gp/customer-reviews/RJDY50INBL3CB/ref=cm_cr_getr_d_rvw_ttl?ie=UTF8&ASIN=B01NGYXEJB, Tasty and yummy,Value for money,,"https://images-eu.ssl-images-amazon.com/images/S/amazon-avatars-global/default._CR0,0,1024,1024_SX48_.png",Reviewed in India 🇮🇳 on 29 May 2021
5.0 out of 5 stars,Amazon Customer,https://www.amazon.in/gp/customer-reviews/R3DDEF741JD57U/ref=cm_cr_getr_d_rvw_ttl?ie=UTF8&ASIN=B01NGYXEJB, Good taste,5likes,,"https://images-eu.ssl-images-amazon.com/images/S/amazon-avatars-global/default._CR0,0,1024,1024_SX48_.png",Reviewed in India 🇮🇳 on 21 June 2021
5.0 out of 5 stars,Aarti,https://www.amazon.in/gp/customer-reviews/R2BZTIV9P0FQWF/ref=cm_cr_getr_d_rvw_ttl?ie=UTF8&ASIN=B01NGYXEJB, Liked my son this cheese,Value for money,,"https://images-eu.ssl-images-amazon.com/images/S/amazon-avatars-global/b3b7d770-f6c9-4f5e-b08a-f2d4aff46a52._CR0,0,375,375_SX48_.jpg",Reviewed in India 🇮🇳 on 11 April 2021
5.0 out of 5 stars,Viren Joshi,https://www.amazon.in/gp/customer-reviews/R10HYNOSHP1SME/ref=cm_cr_getr_d_rvw_ttl?ie=UTF8&ASIN=B01NGYXEJB, It's cheese so smile please,"Honestly, It's cheese don't know what am I suppose to say apart from my product was in good condition and tasted like cheese duh !! amazon 😛",,https://images-na.ssl-images-amazon.com/images/G/01/x-locale/common/grey-pixel.gif,Reviewed in India 🇮🇳 on 8 December 2019
5.0 out of 5 stars,Anonymous,https://www.amazon.in/gp/customer-reviews/R42ZD9FAWY9KM/ref=cm_cr_getr_d_rvw_ttl?ie=UTF8&ASIN=B01NGYXEJB, Value for money,It is not actually the same cheese we look for but it is a second best.,,https://images-na.ssl-images-amazon.com/images/G/01/x-locale/common/grey-pixel.gif,Reviewed in India 🇮🇳 on 26 May 2020
5.0 out of 5 stars,Aparna,https://www.amazon.in/gp/customer-reviews/R1IWBPPOZDF734/ref=cm_cr_getr_d_rvw_ttl?ie=UTF8&ASIN=B01NGYXEJB, Good,Its just best the packaging flavour evrythng is very good,,https://images-na.ssl-images-amazon.com/images/G/01/x-locale/common/grey-pixel.gif,Reviewed in India 🇮🇳 on 17 August 2020
5.0 out of 5 stars,Amazon Customer,https://www.amazon.in/gp/customer-reviews/RTTOK7Y8PXBSH/ref=cm_cr_getr_d_rvw_ttl?ie=UTF8&ASIN=B01NGYXEJB, kids loved it,"nice packing till reaching a door maintained cool
so nice thank you",,https://images-na.ssl-images-amazon.com/images/G/01/x-locale/common/grey-pixel.gif,Reviewed in India 🇮🇳 on 1 July 2020
1.0 out of 5 stars,MOHAMMED SADIQ,https://www.amazon.in/gp/customer-reviews/RMTP3FI9BXG8N/ref=cm_cr_getr_d_rvw_ttl?ie=UTF8&ASIN=B01NGYXEJB, Rubbery cheese,"Didn't felt like cheese but rather like rubber, streching like melted plastic :(",,"https://images-eu.ssl-images-amazon.com/images/S/amazon-avatars-global/5bf9f052-bafa-44bd-8f08-4b2bca335283._CR0,0,370,370_SX48_.jpg",Reviewed in India 🇮🇳 on 4 July 2022
5.0 out of 5 stars,Robin,https://www.amazon.in/gp/customer-reviews/RV63930D4VMOQ/ref=cm_cr_getr_d_rvw_ttl?ie=UTF8&ASIN=B01NGYXEJB, Better than Amul,Good flavour,,"https://images-eu.ssl-images-amazon.com/images/S/amazon-avatars-global/default._CR0,0,1024,1024_SX48_.png",Reviewed in India 🇮🇳 on 22 November 2020
5.0 out of 5 stars,Amazon Customer,https://www.amazon.in/gp/customer-reviews/R7AULG0OM0J35/ref=cm_cr_getr_d_rvw_ttl?ie=UTF8&ASIN=B01NGYXEJB, Yummy cheese,Absolutely loved this cheese. Fresh and yummy.,,"https://images-eu.ssl-images-amazon.com/images/S/amazon-avatars-global/default._CR0,0,1024,1024_SX48_.png",Reviewed in India 🇮🇳 on 14 July 2020
3.0 out of 5 stars,K S BHATNAGAR,https://www.amazon.in/gp/customer-reviews/R3I0275P070ZU9/ref=cm_cr_getr_d_rvw_ttl?ie=UTF8&ASIN=B01NGYXEJB, OK,OK,,"https://images-eu.ssl-images-amazon.com/images/S/amazon-avatars-global/default._CR0,0,1024,1024_SX48_.png",Reviewed in India 🇮🇳 on 8 July 2020
3.0 out of 5 stars,Ishank joshi,https://www.amazon.in/gp/customer-reviews/RVGI8WX45Q505/ref=cm_cr_getr_d_rvw_ttl?ie=UTF8&ASIN=B01NGYXEJB, Good,Good,,"https://images-eu.ssl-images-amazon.com/images/S/amazon-avatars-global/default._CR0,0,1024,1024_SX48_.png",Reviewed in India 🇮🇳 on 24 June 2020
5.0 out of 5 stars,Sonia,https://www.amazon.in/gp/customer-reviews/R3C6O0ZO56II8J/ref=cm_cr_getr_d_rvw_ttl?ie=UTF8&ASIN=B01NGYXEJB, 😊😊,Best quality.. but too salty,,"https://images-eu.ssl-images-amazon.com/images/S/amazon-avatars-global/00254049-05c1-46e3-8d71-a0bc1d7a2240._CR0,8.0,317,317_SX48_.jpg",Reviewed in India 🇮🇳 on 1 August 2020
5.0 out of 5 stars,Rupali Rege,https://www.amazon.in/gp/customer-reviews/R20UAWLISUMD4U/ref=cm_cr_getr_d_rvw_ttl?ie=UTF8&ASIN=B01NGYXEJB, Good quality and tasty,Yummy,,https://images-na.ssl-images-amazon.com/images/G/01/x-locale/common/grey-pixel.gif,Reviewed in India 🇮🇳 on 4 September 2020
5.0 out of 5 stars,Ankit Anant,https://www.amazon.in/gp/customer-reviews/R17U0XZHXMRNG2/ref=cm_cr_getr_d_rvw_ttl?ie=UTF8&ASIN=B01NGYXEJB, Very Tasty,I loved it.,,https://images-na.ssl-images-amazon.com/images/G/01/x-locale/common/grey-pixel.gif,Reviewed in India 🇮🇳 on 15 June 2020
5.0 out of 5 stars,Akanksha Joshi,https://www.amazon.in/gp/customer-reviews/RQMXEKYDDBMZ6/ref=cm_cr_getr_d_rvw_ttl?ie=UTF8&ASIN=B01NGYXEJB, Healthy,Its gud,,https://images-na.ssl-images-amazon.com/images/G/01/x-locale/common/grey-pixel.gif,Reviewed in India 🇮🇳 on 25 April 2020
5.0 out of 5 stars,Pratibha Gautam,https://www.amazon.in/gp/customer-reviews/R1BIQCGBWZKG3U/ref=cm_cr_getr_d_rvw_ttl?ie=UTF8&ASIN=B01NGYXEJB, best one,best cheese slice,,https://images-na.ssl-images-amazon.com/images/G/01/x-locale/common/grey-pixel.gif,Reviewed in India 🇮🇳 on 11 October 2019
5.0 out of 5 stars,Pradyuman,https://www.amazon.in/gp/customer-reviews/R2ZWUVIBTKTS4O/ref=cm_cr_getr_d_rvw_ttl?ie=UTF8&ASIN=B01NGYXEJB, Good product,Good product,,"https://images-eu.ssl-images-amazon.com/images/S/amazon-avatars-global/default._CR0,0,1024,1024_SX48_.png",Reviewed in India 🇮🇳 on 24 November 2019
5.0 out of 5 stars,Varuna D.,https://www.amazon.in/gp/customer-reviews/R2W4AXWXJGGL4O/ref=cm_cr_getr_d_rvw_ttl?ie=UTF8&ASIN=B01NGYXEJB, Yummy,My fav product,,"https://images-eu.ssl-images-amazon.com/images/S/amazon-avatars-global/default._CR0,0,1024,1024_SX48_.png",Reviewed in India 🇮🇳 on 24 November 2018
1.0 out of 5 stars,Rohan Bachewar,https://www.amazon.in/gp/customer-reviews/R2DAHBMK2I4IFL/ref=cm_cr_getr_d_rvw_ttl?ie=UTF8&ASIN=B01NGYXEJB, Not cheesy atall,It has no flavour or fragrance that normally cheese should have...not worth atall...no taste,,"https://images-eu.ssl-images-amazon.com/images/S/amazon-avatars-global/default._CR0,0,1024,1024_SX48_.png",Reviewed in India 🇮🇳 on 7 July 2021
1.0 out of 5 stars,Himanshu Yadav,https://www.amazon.in/gp/customer-reviews/R2H9S1UNWH9Y45/ref=cm_cr_getr_d_rvw_ttl?ie=UTF8&ASIN=B01NGYXEJB, Worst product ever! Smells bad as if spoilt. Never going to buy it again. Worst purschase..,Bad!,,"https://images-eu.ssl-images-amazon.com/images/S/amazon-avatars-global/default._CR0,0,1024,1024_SX48_.png",Reviewed in India 🇮🇳 on 5 February 2022
5.0 out of 5 stars,Khan,https://www.amazon.in/gp/customer-reviews/R36KO245JHA4XP/ref=cm_cr_getr_d_rvw_ttl?ie=UTF8&ASIN=B01NGYXEJB, Very testy,Like,,"https://images-eu.ssl-images-amazon.com/images/S/amazon-avatars-global/default._CR0,0,1024,1024_SX48_.png",Reviewed in India 🇮🇳 on 7 September 2018
1.0 out of 5 stars,sandeep rao,https://www.amazon.in/gp/customer-reviews/RQNF1JS0K93XA/ref=cm_cr_getr_d_rvw_ttl?ie=UTF8&ASIN=B01NGYXEJB, Cheese has bad odour,Bad odour,,"https://images-eu.ssl-images-amazon.com/images/S/amazon-avatars-global/default._CR0,0,1024,1024_SX48_.png",Reviewed in India 🇮🇳 on 28 May 2021
1.0 out of 5 stars,MIR AHMED ALI,https://www.amazon.in/gp/customer-reviews/RGPSU6GTECR3K/ref=cm_cr_getr_d_rvw_ttl?ie=UTF8&ASIN=B01NGYXEJB, Average,Avg,,https://images-na.ssl-images-amazon.com/images/G/01/x-locale/common/grey-pixel.gif,Reviewed in India 🇮🇳 on 20 June 2021
5.0 out of 5 stars,krmank bisht,https://www.amazon.in/gp/customer-reviews/R6I3ZOP0O1UTK/ref=cm_cr_getr_d_rvw_ttl?ie=UTF8&ASIN=B01NGYXEJB, Say cheese,"Cheese toh bahut khaye but aisa khake mano mazza aa gya,, sexiest cheese ever waah mother dairy way to awesome",,https://images-na.ssl-images-amazon.com/images/G/01/x-locale/common/grey-pixel.gif,Reviewed in India 🇮🇳 on 6 October 2021
1.0 out of 5 stars,Rupal Joshi Kale,https://www.amazon.in/gp/customer-reviews/RKL4AVFFW52KF/ref=cm_cr_getr_d_rvw_ttl?ie=UTF8&ASIN=B01NGYXEJB, Too salty,Too salty,,https://images-na.ssl-images-amazon.com/images/G/01/x-locale/common/grey-pixel.gif,Reviewed in India 🇮🇳 on 7 July 2020
5.0 out of 5 stars,Nikoz,https://www.amazon.in/gp/customer-reviews/ROQAR6TSKYF5M/ref=cm_cr_getr_d_rvw_ttl?ie=UTF8&ASIN=B01NGYXEJB, Love them,Nice thick slices. Unlike gowardhan cheese slices in the bigger packet....too thin,,https://images-na.ssl-images-amazon.com/images/G/01/x-locale/common/grey-pixel.gif,Reviewed in India 🇮🇳 on 18 July 2022
5.0 out of 5 stars,Sonu T,https://www.amazon.in/gp/customer-reviews/RECW9N4PRJFO2/ref=cm_cr_getr_d_rvw_ttl?ie=UTF8&ASIN=B01NGYXEJB, Soft slice,My son like very much this slice..,,"https://images-eu.ssl-images-amazon.com/images/S/amazon-avatars-global/default._CR0,0,1024,1024_SX48_.png",Reviewed in India 🇮🇳 on 3 March 2022
5.0 out of 5 stars,🙃 Subhankar 😘 Maji 🥰,https://www.amazon.in/gp/customer-reviews/R19MS05PEVI77G/ref=cm_cr_getr_d_rvw_ttl?ie=UTF8&ASIN=B01NGYXEJB, Great,"Nice and great product, as a part of grocery, you can depend upon Amazon pantry as I have, and I am enjoying it without any problem, better than Bigbasket or Jio...",,"https://images-eu.ssl-images-amazon.com/images/S/amazon-avatars-global/59f3c166-ae83-4f2a-a015-300417121d34._CR0,54.0,225,225_SX48_.jpg",Reviewed in India 🇮🇳 on 27 February 2021
2.0 out of 5 stars,Sam Sam,https://www.amazon.in/gp/customer-reviews/R1VS61GI3TF4VJ/ref=cm_cr_getr_d_rvw_ttl?ie=UTF8&ASIN=B01NGYXEJB, Pretty decent taste,Pretty decent in taste as compared to many other brands.,,"https://images-eu.ssl-images-amazon.com/images/S/amazon-avatars-global/default._CR0,0,1024,1024_SX48_.png",Reviewed in India 🇮🇳 on 8 June 2021
5.0 out of 5 stars,Joyl Montero,https://www.amazon.in/gp/customer-reviews/RWIGRNLALT6I6/ref=cm_cr_getr_d_rvw_ttl?ie=UTF8&ASIN=B01NGYXEJB, Best,"Best as always, I prefer Motherdiary over amul.",,"https://images-eu.ssl-images-amazon.com/images/S/amazon-avatars-global/default._CR0,0,1024,1024_SX48_.png",Reviewed in India 🇮🇳 on 27 August 2022
5.0 out of 5 stars,Neville,https://www.amazon.in/gp/customer-reviews/RM9QK35CFF86P/ref=cm_cr_getr_d_rvw_ttl?ie=UTF8&ASIN=B01NGYXEJB, Satisfied,Delicious,,"https://images-eu.ssl-images-amazon.com/images/S/amazon-avatars-global/default._CR0,0,1024,1024_SX48_.png",Reviewed in India 🇮🇳 on 4 October 2021
5.0 out of 5 stars,Tsheten,https://www.amazon.in/gp/customer-reviews/R3H8ZAV869RW0P/ref=cm_cr_getr_d_rvw_ttl?ie=UTF8&ASIN=B01NGYXEJB, Good quality,"All time favourite, I used this mainly for cooking, so it melts easily into my dish, better than any other brand, also price is lesser than at the shops",,"https://images-eu.ssl-images-amazon.com/images/S/amazon-avatars-global/5b80d912-7a6a-4128-9b7c-5539c7b2bfbe._CR0,0,500,500_SX48_.jpg",Reviewed in India 🇮🇳 on 13 July 2020
5.0 out of 5 stars,Sourav Kumar Ghosh,https://www.amazon.in/gp/customer-reviews/R3OVOUSDM2BXH6/ref=cm_cr_getr_d_rvw_ttl?ie=UTF8&ASIN=B01NGYXEJB, Pure,Good flavour. Purity is there,,https://images-na.ssl-images-amazon.com/images/G/01/x-locale/common/grey-pixel.gif,Reviewed in India 🇮🇳 on 23 July 2021
5.0 out of 5 stars,S. Ghoshal,https://www.amazon.in/gp/customer-reviews/R3KADLQJSSSK24/ref=cm_cr_getr_d_rvw_ttl?ie=UTF8&ASIN=B01NGYXEJB, Go for it,Good for regular use,,https://images-na.ssl-images-amazon.com/images/G/01/x-locale/common/grey-pixel.gif,Reviewed in India 🇮🇳 on 26 September 2022
4.0 out of 5 stars,Amazon Customer,https://www.amazon.in/gp/customer-reviews/R1MV77V41HDBCZ/ref=cm_cr_getr_d_rvw_ttl?ie=UTF8&ASIN=B01NGYXEJB, good product,good product,,https://images-na.ssl-images-amazon.com/images/G/01/x-locale/common/grey-pixel.gif,Reviewed in India 🇮🇳 on 23 July 2022
5.0 out of 5 stars,Siddharth,https://www.amazon.in/gp/customer-reviews/R165Q4012L1N59/ref=cm_cr_getr_d_rvw_ttl?ie=UTF8&ASIN=B01NGYXEJB, Superior product,The cheese slices are thicker and texture is creamier.. not like amul or Britannia..,,https://images-na.ssl-images-amazon.com/images/G/01/x-locale/common/grey-pixel.gif,Reviewed in India 🇮🇳 on 24 February 2022
5.0 out of 5 stars,Deb,https://www.amazon.in/gp/customer-reviews/R2HJ1P4V1S2ER6/ref=cm_cr_getr_d_rvw_ttl?ie=UTF8&ASIN=B01NGYXEJB, Nice cheese,Good quality cheese with low price..,,"https://images-eu.ssl-images-amazon.com/images/S/amazon-avatars-global/default._CR0,0,1024,1024_SX48_.png",Reviewed in India 🇮🇳 on 10 December 2021
5.0 out of 5 stars,Kalpana,https://www.amazon.in/gp/customer-reviews/R20XBACINDY21E/ref=cm_cr_getr_d_rvw_ttl?ie=UTF8&ASIN=B01NGYXEJB, Good one,I liked it,,"https://images-eu.ssl-images-amazon.com/images/S/amazon-avatars-global/default._CR0,0,1024,1024_SX48_.png",Reviewed in India 🇮🇳 on 30 March 2021
5.0 out of 5 stars,Shopaholic,https://www.amazon.in/gp/customer-reviews/R1MOS9GQ0YOPM1/ref=cm_cr_getr_d_rvw_ttl?ie=UTF8&ASIN=B01NGYXEJB, Good taste,"Tastes good..kids like this in sandwiches
Their favourite breakfast",,"https://images-eu.ssl-images-amazon.com/images/S/amazon-avatars-global/1c127ed3-0538-40d1-aa9d-5ba8bde8e535._CR0,0,375,375_SX48_.jpg",Reviewed in India 🇮🇳 on 3 March 2021
5.0 out of 5 stars,Ajay payal,https://www.amazon.in/gp/customer-reviews/R23P52JHU2FW1X/ref=cm_cr_getr_d_rvw_ttl?ie=UTF8&ASIN=B01NGYXEJB, Yummy,Used for bread pakoda so cheesy,,"https://images-eu.ssl-images-amazon.com/images/S/amazon-avatars-global/9d886a2d-67e2-4260-ae5e-6ce525851fb3._CR0,6.0,321,321_SX48_.jpg",Reviewed in India 🇮🇳 on 14 June 2020
