Star-rating,Name,Reviewer Profile Url,Review Title,Review Content,images,profile icon,Date
4.0 out of 5 stars,Yogesh,https://www.amazon.in/gp/customer-reviews/R1ORY1ALN0PVG3/ref=cm_cr_arp_d_rvw_ttl?ie=UTF8&ASIN=B08HNTWVLV, Good enough,Good one for the price,,"https://images-eu.ssl-images-amazon.com/images/S/amazon-avatars-global/default._CR0,0,1024,1024_SX48_.png",Reviewed in India 🇮🇳 on 30 March 2023
5.0 out of 5 stars,Reena Kumar,https://www.amazon.in/gp/customer-reviews/R2UBTQT69TWJQS/ref=cm_cr_arp_d_rvw_ttl?ie=UTF8&ASIN=B08HNTWVLV, Just loved this chhas,It's very yummy 😋,,"https://images-eu.ssl-images-amazon.com/images/S/amazon-avatars-global/default._CR0,0,1024,1024_SX48_.png",Reviewed in India 🇮🇳 on 8 April 2023
4.0 out of 5 stars,Amazon Customer,https://www.amazon.in/gp/customer-reviews/R2JC7BDEQO782Y/ref=cm_cr_arp_d_rvw_ttl?ie=UTF8&ASIN=B08HNTWVLV, Best,Best,,"https://images-eu.ssl-images-amazon.com/images/S/amazon-avatars-global/default._CR0,0,1024,1024_SX48_.png",Reviewed in India 🇮🇳 on 4 February 2023
5.0 out of 5 stars,Robert Saldanha,https://www.amazon.in/gp/customer-reviews/R1E4N5U9ZJG1JJ/ref=cm_cr_arp_d_rvw_ttl?ie=UTF8&ASIN=B08HNTWVLV, Expired packets received 😭,"I got 4 packets delivered on 11 Feb 23 night after 10pm to me. My maid took it as I was resting. Today 13th Feb I took out 1 packet to have for lunch and the expiry date (on all pkts) is of yesterday 12th Feb 23.
I am a Cancer 🦀 patient and have a Colostomy (Ostomy) Stoma bag attached to me. I have to be very careful of what food n drink goes into me. 🙏","https://m.media-amazon.com/images/I/711JxUooRYL.88.jpg  
https://m.media-amazon.com/images/I/81VtTusUkdL.88.jpg  
","https://images-eu.ssl-images-amazon.com/images/S/amazon-avatars-global/081d80aa-d697-43ec-b066-e4477e12ff30._CR0,0,375,375_SX48_.jpg",Reviewed in India 🇮🇳 on 13 February 2023
3.0 out of 5 stars,sunil,https://www.amazon.in/gp/customer-reviews/R33SKQI8UO8X89/ref=cm_cr_arp_d_rvw_ttl?ie=UTF8&ASIN=B08HNTWVLV, In the last order one packet was damaged,Drinking,,"https://images-eu.ssl-images-amazon.com/images/S/amazon-avatars-global/default._CR0,0,1024,1024_SX48_.png",Reviewed in India 🇮🇳 on 19 March 2023
5.0 out of 5 stars,Meghna Khot,https://www.amazon.in/gp/customer-reviews/R25N11THQSMAFD/ref=cm_cr_arp_d_rvw_ttl?ie=UTF8&ASIN=B08HNTWVLV, Good,Nyccc....,,https://images-na.ssl-images-amazon.com/images/G/01/x-locale/common/grey-pixel.gif,Reviewed in India 🇮🇳 on 14 February 2023
5.0 out of 5 stars,S,https://www.amazon.in/gp/customer-reviews/R2VC8NSFBKN8WI/ref=cm_cr_arp_d_rvw_ttl?ie=UTF8&ASIN=B08HNTWVLV, Loved it,Only readymade buttermilk I love.,,https://images-na.ssl-images-amazon.com/images/G/01/x-locale/common/grey-pixel.gif,Reviewed in India 🇮🇳 on 15 February 2023
4.0 out of 5 stars,Deepak Gupta,https://www.amazon.in/gp/customer-reviews/R1PJZ4RQGLILTH/ref=cm_cr_arp_d_rvw_ttl?ie=UTF8&ASIN=B08HNTWVLV, ok ok,good enough,,https://images-na.ssl-images-amazon.com/images/G/01/x-locale/common/grey-pixel.gif,Reviewed in India 🇮🇳 on 28 November 2022
5.0 out of 5 stars,Rahul Kumar,https://www.amazon.in/gp/customer-reviews/R1MT903G0QW3TJ/ref=cm_cr_arp_d_rvw_ttl?ie=UTF8&ASIN=B08HNTWVLV, Good,Good,,https://images-na.ssl-images-amazon.com/images/G/01/x-locale/common/grey-pixel.gif,Reviewed in India 🇮🇳 on 19 January 2023
5.0 out of 5 stars,Vinod Kashyap,https://www.amazon.in/gp/customer-reviews/R3SJXJC3KBM3EZ/ref=cm_cr_arp_d_rvw_ttl?ie=UTF8&ASIN=B08HNTWVLV, Flavour,Exellant,,https://images-na.ssl-images-amazon.com/images/G/01/x-locale/common/grey-pixel.gif,Reviewed in India 🇮🇳 on 9 January 2023
4.0 out of 5 stars,OS,https://www.amazon.in/gp/customer-reviews/R1DDYEGZTE6AIB/ref=cm_cr_getr_d_rvw_ttl?ie=UTF8&ASIN=B08HNTWVLV, Chach is good,Worth buying,,"https://images-eu.ssl-images-amazon.com/images/S/amazon-avatars-global/default._CR0,0,1024,1024_SX48_.png",Reviewed in India 🇮🇳 on 15 November 2022
5.0 out of 5 stars,MohammadHasan yusuf,https://www.amazon.in/gp/customer-reviews/R2T8QH74NGPUY9/ref=cm_cr_getr_d_rvw_ttl?ie=UTF8&ASIN=B08HNTWVLV, Good,Best,,"https://images-eu.ssl-images-amazon.com/images/S/amazon-avatars-global/09f851c3-1f7b-4166-bfb3-88d0339789de._CR0,0,375,375_SX48_.jpg",Reviewed in India 🇮🇳 on 29 December 2022
5.0 out of 5 stars,bushra,https://www.amazon.in/gp/customer-reviews/RXK28HWQJ3WZO/ref=cm_cr_getr_d_rvw_ttl?ie=UTF8&ASIN=B08HNTWVLV, Awesome,Awesomemtaate,,"https://images-eu.ssl-images-amazon.com/images/S/amazon-avatars-global/default._CR0,0,1024,1024_SX48_.png",Reviewed in India 🇮🇳 on 13 December 2022
4.0 out of 5 stars,rajul,https://www.amazon.in/gp/customer-reviews/R2MXD8KS1JB2FN/ref=cm_cr_getr_d_rvw_ttl?ie=UTF8&ASIN=B08HNTWVLV, aftertaste is slightly bitter,gave i star less because of slightly bitter aftertaste,,"https://images-eu.ssl-images-amazon.com/images/S/amazon-avatars-global/default._CR0,0,1024,1024_SX48_.png",Reviewed in India 🇮🇳 on 26 August 2022
5.0 out of 5 stars,Naved Anwar,https://www.amazon.in/gp/customer-reviews/R1MISWW92GJ5U8/ref=cm_cr_getr_d_rvw_ttl?ie=UTF8&ASIN=B08HNTWVLV, Chach,It’s delicious and has a great taste as well.,,"https://images-eu.ssl-images-amazon.com/images/S/amazon-avatars-global/default._CR0,0,1024,1024_SX48_.png",Reviewed in India 🇮🇳 on 8 November 2022
5.0 out of 5 stars,Rashid zaidi,https://www.amazon.in/gp/customer-reviews/RS4RCGRMGDVSO/ref=cm_cr_getr_d_rvw_ttl?ie=UTF8&ASIN=B08HNTWVLV, good,very Nice,,"https://images-eu.ssl-images-amazon.com/images/S/amazon-avatars-global/default._CR0,0,1024,1024_SX48_.png",Reviewed in India 🇮🇳 on 16 November 2022
5.0 out of 5 stars,DR.SOURABH,https://www.amazon.in/gp/customer-reviews/R3KX1MXPZO1AD2/ref=cm_cr_getr_d_rvw_ttl?ie=UTF8&ASIN=B08HNTWVLV, Good,I like it.good,,https://images-na.ssl-images-amazon.com/images/G/01/x-locale/common/grey-pixel.gif,Reviewed in India 🇮🇳 on 26 October 2022
4.0 out of 5 stars,Neil,https://www.amazon.in/gp/customer-reviews/RHCHBJF3RFDBL/ref=cm_cr_getr_d_rvw_ttl?ie=UTF8&ASIN=B08HNTWVLV, Nice product,"I liked Mother Dairy Tadka Chach, 330 ml, it was well-packed and was fresh. I would surely say, try it once and if you like it, then go for it.",,https://images-na.ssl-images-amazon.com/images/G/01/x-locale/common/grey-pixel.gif,Reviewed in India 🇮🇳 on 8 May 2022
4.0 out of 5 stars,Satishji,https://www.amazon.in/gp/customer-reviews/R1FP5UHILD1QG8/ref=cm_cr_getr_d_rvw_ttl?ie=UTF8&ASIN=B08HNTWVLV, Very good taste,Very good taste and mouth feel. But please note that it contains only 330 ml.,,https://images-na.ssl-images-amazon.com/images/G/01/x-locale/common/grey-pixel.gif,Reviewed in India 🇮🇳 on 17 June 2022
5.0 out of 5 stars,Saqlain Shaikh,https://www.amazon.in/gp/customer-reviews/R1CX9HSWKBIAR9/ref=cm_cr_getr_d_rvw_ttl?ie=UTF8&ASIN=B08HNTWVLV, It was really fresh,Worth it,"https://m.media-amazon.com/images/I/61k2BZaCzPL.88.jpg  
",https://images-na.ssl-images-amazon.com/images/G/01/x-locale/common/grey-pixel.gif,Reviewed in India 🇮🇳 on 15 October 2022
4.0 out of 5 stars,Dharam Pal Batra,https://www.amazon.in/gp/customer-reviews/R2MT3HRS2N4B8Y/ref=cm_cr_getr_d_rvw_ttl?ie=UTF8&ASIN=B08HNTWVLV, Feel cool after drinking,Use as digestive drink after meals,,"https://images-eu.ssl-images-amazon.com/images/S/amazon-avatars-global/default._CR0,0,1024,1024_SX48_.png",Reviewed in India 🇮🇳 on 21 June 2022
4.0 out of 5 stars,Mansi Bandelkar,https://www.amazon.in/gp/customer-reviews/R3GK00H69WSJ2L/ref=cm_cr_getr_d_rvw_ttl?ie=UTF8&ASIN=B08HNTWVLV, Very nice,Flavor is good and value of money product and fresh product,,"https://images-eu.ssl-images-amazon.com/images/S/amazon-avatars-global/default._CR0,0,1024,1024_SX48_.png",Reviewed in India 🇮🇳 on 25 May 2022
5.0 out of 5 stars,rm70,https://www.amazon.in/gp/customer-reviews/R1L5I4DGU5WVUC/ref=cm_cr_getr_d_rvw_ttl?ie=UTF8&ASIN=B08HNTWVLV, Good product,Taste great coz of its masala flavor. But got a little bitter coz its self life it just a day or two..,,"https://images-eu.ssl-images-amazon.com/images/S/amazon-avatars-global/default._CR0,0,1024,1024_SX48_.png",Reviewed in India 🇮🇳 on 27 August 2022
5.0 out of 5 stars,anindya s.,https://www.amazon.in/gp/customer-reviews/RHM3QIQBH8GG3/ref=cm_cr_getr_d_rvw_ttl?ie=UTF8&ASIN=B08HNTWVLV, Good,Good,,"https://images-eu.ssl-images-amazon.com/images/S/amazon-avatars-global/bd5b47fb-b3d3-4bf4-a65d-71067f138f6a._CR132,0,236,236_SX48_.jpg",Reviewed in India 🇮🇳 on 7 October 2022
5.0 out of 5 stars,kamlesh,https://www.amazon.in/gp/customer-reviews/R6FKG8S1LUG14/ref=cm_cr_getr_d_rvw_ttl?ie=UTF8&ASIN=B08HNTWVLV, must hai,amazing,,"https://images-eu.ssl-images-amazon.com/images/S/amazon-avatars-global/2d3721db-3c59-405e-a250-aab87dc5149e._CR0,0,500,500_SX48_.jpg",Reviewed in India 🇮🇳 on 20 September 2022
5.0 out of 5 stars,Shradha,https://www.amazon.in/gp/customer-reviews/R25NEKY7A70B93/ref=cm_cr_getr_d_rvw_ttl?ie=UTF8&ASIN=B08HNTWVLV, Saviour for me!,I cannot have my lunch without these chaas. Mother dairy chass is just simple in taste and love my lunch with it😍😍,,"https://images-eu.ssl-images-amazon.com/images/S/amazon-avatars-global/9b9b442a-a8b3-4244-8bf8-7b634cf83a62._CR0,0,400,400_SX48_.jpg",Reviewed in India 🇮🇳 on 7 August 2022
3.0 out of 5 stars,Varun Kumar Sinha,https://www.amazon.in/gp/customer-reviews/RDV8C1TN4A5Z4/ref=cm_cr_getr_d_rvw_ttl?ie=UTF8&ASIN=B08HNTWVLV, Very thin watery,Very thin. Seems like drinking water,,https://images-na.ssl-images-amazon.com/images/G/01/x-locale/common/grey-pixel.gif,Reviewed in India 🇮🇳 on 31 August 2022
4.0 out of 5 stars,Amin Shaikh,https://www.amazon.in/gp/customer-reviews/R3LH8U6BZAZP1T/ref=cm_cr_getr_d_rvw_ttl?ie=UTF8&ASIN=B08HNTWVLV, Very good,Mother dairy Chas very good product,,https://images-na.ssl-images-amazon.com/images/G/01/x-locale/common/grey-pixel.gif,Reviewed in India 🇮🇳 on 10 May 2022
5.0 out of 5 stars,Brajesh Mishra,https://www.amazon.in/gp/customer-reviews/RRW7NZJX9FGU8/ref=cm_cr_getr_d_rvw_ttl?ie=UTF8&ASIN=B08HNTWVLV, Fresh and testy to,Tast and flavor value for money,,https://images-na.ssl-images-amazon.com/images/G/01/x-locale/common/grey-pixel.gif,Reviewed in India 🇮🇳 on 7 September 2022
4.0 out of 5 stars,Siddharth Hiwale,https://www.amazon.in/gp/customer-reviews/R3CALM882SW7JB/ref=cm_cr_getr_d_rvw_ttl?ie=UTF8&ASIN=B08HNTWVLV, Nice,In one word - Quantity with Quality,,https://images-na.ssl-images-amazon.com/images/G/01/x-locale/common/grey-pixel.gif,Reviewed in India 🇮🇳 on 7 April 2022
5.0 out of 5 stars,Nishant Prasad,https://www.amazon.in/gp/customer-reviews/R1AITH3D0CX47X/ref=cm_cr_getr_d_rvw_ttl?ie=UTF8&ASIN=B08HNTWVLV, Very refreshing Chass,Taste of Chaas is very nice,,"https://images-eu.ssl-images-amazon.com/images/S/amazon-avatars-global/default._CR0,0,1024,1024_SX48_.png",Reviewed in India 🇮🇳 on 20 August 2022
4.0 out of 5 stars,Neeraj Jaiswal,https://www.amazon.in/gp/customer-reviews/R1ORHCQR6BFQOB/ref=cm_cr_getr_d_rvw_ttl?ie=UTF8&ASIN=B08HNTWVLV, Buy,Good,,"https://images-eu.ssl-images-amazon.com/images/S/amazon-avatars-global/cf310a7e-f22b-43a6-b894-dc77df0f1639._CR0,0,375,375_SX48_.jpg",Reviewed in India 🇮🇳 on 28 March 2022
5.0 out of 5 stars,B S F,https://www.amazon.in/gp/customer-reviews/R29HUPU43336R7/ref=cm_cr_getr_d_rvw_ttl?ie=UTF8&ASIN=B08HNTWVLV, Lovely and refreshing,Is very good for it's money's worth and has to be consumed in 3 days or else it will get spoilt. Taste is like any good masala chaas.,,"https://images-eu.ssl-images-amazon.com/images/S/amazon-avatars-global/default._CR0,0,1024,1024_SX48_.png",Reviewed in India 🇮🇳 on 1 June 2022
5.0 out of 5 stars,Rachit sharma,https://www.amazon.in/gp/customer-reviews/R2VFW6LUQ44K1M/ref=cm_cr_getr_d_rvw_ttl?ie=UTF8&ASIN=B08HNTWVLV, Reviewing,It was a such a nice product I like it,,"https://images-eu.ssl-images-amazon.com/images/S/amazon-avatars-global/default._CR0,0,1024,1024_SX48_.png",Reviewed in India 🇮🇳 on 13 July 2022
5.0 out of 5 stars,Oswal,https://www.amazon.in/gp/customer-reviews/RYJJSRV0RPTJS/ref=cm_cr_getr_d_rvw_ttl?ie=UTF8&ASIN=B08HNTWVLV, Health tonic,It’s medicinal properties specially for summer days.,,"https://images-eu.ssl-images-amazon.com/images/S/amazon-avatars-global/default._CR0,0,1024,1024_SX48_.png",Reviewed in India 🇮🇳 on 21 July 2022
5.0 out of 5 stars,Raj,https://www.amazon.in/gp/customer-reviews/R287NRHRNOY55K/ref=cm_cr_getr_d_rvw_ttl?ie=UTF8&ASIN=B08HNTWVLV, Good taste very quenching,Value for money.. Would appreciate if in tetra pack,,"https://images-eu.ssl-images-amazon.com/images/S/amazon-avatars-global/default._CR0,0,1024,1024_SX48_.png",Reviewed in India 🇮🇳 on 13 July 2022
5.0 out of 5 stars,javed alam,https://www.amazon.in/gp/customer-reviews/R2ZQ3P44FTO8VY/ref=cm_cr_getr_d_rvw_ttl?ie=UTF8&ASIN=B08HNTWVLV, No review,Like,,https://images-na.ssl-images-amazon.com/images/G/01/x-locale/common/grey-pixel.gif,Reviewed in India 🇮🇳 on 2 August 2022
5.0 out of 5 stars,SHANAYA SURAJ JAISWAL,https://www.amazon.in/gp/customer-reviews/R2PU47MWI1SW3K/ref=cm_cr_getr_d_rvw_ttl?ie=UTF8&ASIN=B08HNTWVLV, Nice taste,Very good taste,,https://images-na.ssl-images-amazon.com/images/G/01/x-locale/common/grey-pixel.gif,Reviewed in India 🇮🇳 on 26 July 2022
5.0 out of 5 stars,Arun Singh,https://www.amazon.in/gp/customer-reviews/R1W26JVQVFHVC2/ref=cm_cr_getr_d_rvw_ttl?ie=UTF8&ASIN=B08HNTWVLV, We don't get enough of it. Always in short supply.,The best chhaach available in market. Unfortunately we are not able to get the enough quantity of it.,,https://images-na.ssl-images-amazon.com/images/G/01/x-locale/common/grey-pixel.gif,Reviewed in India 🇮🇳 on 9 June 2022
5.0 out of 5 stars,Sana Shaikh,https://www.amazon.in/gp/customer-reviews/R16T68TLWXE4VO/ref=cm_cr_getr_d_rvw_ttl?ie=UTF8&ASIN=B08HNTWVLV, Taste is good and in budget.,Too yummy..,,https://images-na.ssl-images-amazon.com/images/G/01/x-locale/common/grey-pixel.gif,Reviewed in India 🇮🇳 on 27 July 2022
5.0 out of 5 stars,R A GUPTA,https://www.amazon.in/gp/customer-reviews/R1ESFM9XABG9L/ref=cm_cr_getr_d_rvw_ttl?ie=UTF8&ASIN=B08HNTWVLV, Good taste,Good,,"https://images-eu.ssl-images-amazon.com/images/S/amazon-avatars-global/5aa88e8d-0503-47b1-a6b1-deec454a4ba9._CR0,0,1080,1080_SX48_.png",Reviewed in India 🇮🇳 on 25 July 2022
5.0 out of 5 stars,Fletch,https://www.amazon.in/gp/customer-reviews/RXGOC3FF0PX18/ref=cm_cr_getr_d_rvw_ttl?ie=UTF8&ASIN=B08HNTWVLV, Good taste,"Could be a bit thicker, very much watery.
Feels good to drink, other than water, to keep hydrated.",,"https://images-eu.ssl-images-amazon.com/images/S/amazon-avatars-global/default._CR0,0,1024,1024_SX48_.png",Reviewed in India 🇮🇳 on 19 June 2022
3.0 out of 5 stars,surendra,https://www.amazon.in/gp/customer-reviews/R35IPMSCQBB2TE/ref=cm_cr_getr_d_rvw_ttl?ie=UTF8&ASIN=B08HNTWVLV, Ok,Ok,,"https://images-eu.ssl-images-amazon.com/images/S/amazon-avatars-global/816529d7-9438-45e2-91be-40169e52af37._CR0,0,500,500_SX48_.jpg",Reviewed in India 🇮🇳 on 20 June 2022
5.0 out of 5 stars,Subhash singh shishodia,https://www.amazon.in/gp/customer-reviews/R1797X1B8IA564/ref=cm_cr_getr_d_rvw_ttl?ie=UTF8&ASIN=B08HNTWVLV, Very good experienced,I am using it is very good in taste and digestive.,,"https://images-eu.ssl-images-amazon.com/images/S/amazon-avatars-global/b352034f-904c-4602-b9d6-d9d04ada5c80._CR0,0,552,552_SX48_.jpg",Reviewed in India 🇮🇳 on 22 June 2022
5.0 out of 5 stars,RAHUL PACHPOR,https://www.amazon.in/gp/customer-reviews/R111U58L1WDZYE/ref=cm_cr_getr_d_rvw_ttl?ie=UTF8&ASIN=B08HNTWVLV, It should be of 15 rs. For 500ml...Poora lootmar chalu hai... bechare customer...,Baki Chhach ki taste bhot achchhi hai...but not satisfied in terms of quantity....,,"https://images-eu.ssl-images-amazon.com/images/S/amazon-avatars-global/default._CR0,0,1024,1024_SX48_.png",Reviewed in India 🇮🇳 on 5 June 2022
5.0 out of 5 stars,Nand Kishor,https://www.amazon.in/gp/customer-reviews/R34XQTMTEA04IT/ref=cm_cr_getr_d_rvw_ttl?ie=UTF8&ASIN=B08HNTWVLV, Fresh,Ek dum fresh,,"https://images-eu.ssl-images-amazon.com/images/S/amazon-avatars-global/default._CR0,0,1024,1024_SX48_.png",Reviewed in India 🇮🇳 on 7 July 2022
1.0 out of 5 stars,IrfanAli,https://www.amazon.in/gp/customer-reviews/R3MDUDNRBWWPF4/ref=cm_cr_getr_d_rvw_ttl?ie=UTF8&ASIN=B08HNTWVLV, Not a good product,The product smell odd and taste was also not good. I will never order this product again.,,https://images-na.ssl-images-amazon.com/images/G/01/x-locale/common/grey-pixel.gif,Reviewed in India 🇮🇳 on 12 February 2023
5.0 out of 5 stars,Abhishek Jain,https://www.amazon.in/gp/customer-reviews/R3JRXKF2L5IA7W/ref=cm_cr_getr_d_rvw_ttl?ie=UTF8&ASIN=B08HNTWVLV, Awesome,Love this over the plain one..,,https://images-na.ssl-images-amazon.com/images/G/01/x-locale/common/grey-pixel.gif,Reviewed in India 🇮🇳 on 26 June 2022
3.0 out of 5 stars,Jagmohan,https://www.amazon.in/gp/customer-reviews/R1ECYWFCUQRGSX/ref=cm_cr_getr_d_rvw_ttl?ie=UTF8&ASIN=B08HNTWVLV, Good,Good,,https://images-na.ssl-images-amazon.com/images/G/01/x-locale/common/grey-pixel.gif,Reviewed in India 🇮🇳 on 4 June 2022
4.0 out of 5 stars,HK,https://www.amazon.in/gp/customer-reviews/R3JGG6UD5N4968/ref=cm_cr_getr_d_rvw_ttl?ie=UTF8&ASIN=B08HNTWVLV, Nice taste,I liked it's taste.,,https://images-na.ssl-images-amazon.com/images/G/01/x-locale/common/grey-pixel.gif,Reviewed in India 🇮🇳 on 14 December 2021
5.0 out of 5 stars,Sujit,https://www.amazon.in/gp/customer-reviews/R3LN3JFHUIDEM1/ref=cm_cr_getr_d_rvw_ttl?ie=UTF8&ASIN=B08HNTWVLV, Tasty and healthy,Fresh and flavourful. A good option for someone who can't or doesn't have the time to prepare one.,,"https://images-eu.ssl-images-amazon.com/images/S/amazon-avatars-global/default._CR0,0,1024,1024_SX48_.png",Reviewed in India 🇮🇳 on 23 May 2022
5.0 out of 5 stars,Vaz,https://www.amazon.in/gp/customer-reviews/R18G2BD6CZRJWI/ref=cm_cr_getr_d_rvw_ttl?ie=UTF8&ASIN=B08HNTWVLV, Value for money,Value for money.,,"https://images-eu.ssl-images-amazon.com/images/S/amazon-avatars-global/default._CR0,0,1024,1024_SX48_.png",Reviewed in India 🇮🇳 on 19 June 2022
4.0 out of 5 stars,transparent,https://www.amazon.in/gp/customer-reviews/R3LRIB1HW1XXPJ/ref=cm_cr_getr_d_rvw_ttl?ie=UTF8&ASIN=B08HNTWVLV, It's good taste,Good taste at rs 10,,"https://images-eu.ssl-images-amazon.com/images/S/amazon-avatars-global/default._CR0,0,1024,1024_SX48_.png",Reviewed in India 🇮🇳 on 6 December 2021
5.0 out of 5 stars,sagar,https://www.amazon.in/gp/customer-reviews/R36YDT2FVM4HIE/ref=cm_cr_getr_d_rvw_ttl?ie=UTF8&ASIN=B08HNTWVLV," Natural flavour, good taste","Good quality, taste is also nice",,"https://images-eu.ssl-images-amazon.com/images/S/amazon-avatars-global/default._CR0,0,1024,1024_SX48_.png",Reviewed in India 🇮🇳 on 28 May 2022
4.0 out of 5 stars,NEERAJ P.,https://www.amazon.in/gp/customer-reviews/RB4GTW6QHNAPU/ref=cm_cr_getr_d_rvw_ttl?ie=UTF8&ASIN=B08HNTWVLV, Too much salty,Good,,"https://images-eu.ssl-images-amazon.com/images/S/amazon-avatars-global/default._CR0,0,1024,1024_SX48_.png",Reviewed in India 🇮🇳 on 2 December 2021
5.0 out of 5 stars,Mallika,https://www.amazon.in/gp/customer-reviews/R9CXMEKVASSD9/ref=cm_cr_getr_d_rvw_ttl?ie=UTF8&ASIN=B08HNTWVLV, Best chaas,"Best chaas avl in the market .
Am a chaas lover so hd tried practically all the brand's .But this is the best.salt masala everything in perfect qty.tasty chaas.u don't need to add anything.perfect tadka ,perfect taste",,"https://images-eu.ssl-images-amazon.com/images/S/amazon-avatars-global/default._CR0,0,1024,1024_SX48_.png",Reviewed in India 🇮🇳 on 28 December 2021
5.0 out of 5 stars,NIMISHA,https://www.amazon.in/gp/customer-reviews/R1U5HHM6U48RHY/ref=cm_cr_getr_d_rvw_ttl?ie=UTF8&ASIN=B08HNTWVLV, Refreshing,Very good,,https://images-na.ssl-images-amazon.com/images/G/01/x-locale/common/grey-pixel.gif,Reviewed in India 🇮🇳 on 3 July 2022
5.0 out of 5 stars,Vishal,https://www.amazon.in/gp/customer-reviews/R185EK8I79WB4B/ref=cm_cr_getr_d_rvw_ttl?ie=UTF8&ASIN=B08HNTWVLV, ok,ok,,https://images-na.ssl-images-amazon.com/images/G/01/x-locale/common/grey-pixel.gif,Reviewed in India 🇮🇳 on 30 May 2022
5.0 out of 5 stars,Vin,https://www.amazon.in/gp/customer-reviews/R2VHDBXBU87GRO/ref=cm_cr_getr_d_rvw_ttl?ie=UTF8&ASIN=B08HNTWVLV, Vfm,Vfm,,https://images-na.ssl-images-amazon.com/images/G/01/x-locale/common/grey-pixel.gif,Reviewed in India 🇮🇳 on 29 May 2022
5.0 out of 5 stars,Suhel,https://www.amazon.in/gp/customer-reviews/R2J2GE38CGZY6F/ref=cm_cr_getr_d_rvw_ttl?ie=UTF8&ASIN=B08HNTWVLV, It was extremely fresh and tasted amazing.,It's an amazing product,,https://images-na.ssl-images-amazon.com/images/G/01/x-locale/common/grey-pixel.gif,Reviewed in India 🇮🇳 on 12 April 2022
5.0 out of 5 stars,Advait,https://www.amazon.in/gp/customer-reviews/R3KO3A24DCBPET/ref=cm_cr_getr_d_rvw_ttl?ie=UTF8&ASIN=B08HNTWVLV, Fresh,Tasty and fresh.,,"https://images-eu.ssl-images-amazon.com/images/S/amazon-avatars-global/default._CR0,0,1024,1024_SX48_.png",Reviewed in India 🇮🇳 on 12 April 2022
5.0 out of 5 stars,Chander Prakash,https://www.amazon.in/gp/customer-reviews/R1C0GE21PA5626/ref=cm_cr_getr_d_rvw_ttl?ie=UTF8&ASIN=B08HNTWVLV, Fresh chhach,We liked the test very much,,"https://images-eu.ssl-images-amazon.com/images/S/amazon-avatars-global/default._CR0,0,1024,1024_SX48_.png",Reviewed in India 🇮🇳 on 20 February 2022
5.0 out of 5 stars,UDITA HALDER,https://www.amazon.in/gp/customer-reviews/R3DLWEMY0CNIK8/ref=cm_cr_getr_d_rvw_ttl?ie=UTF8&ASIN=B08HNTWVLV, Loved the balanced flavour.,"I am addicted to it, it's yum !!
It's well allinged with my taste bud. I loved it",,"https://images-eu.ssl-images-amazon.com/images/S/amazon-avatars-global/default._CR0,0,1024,1024_SX48_.png",Reviewed in India 🇮🇳 on 28 November 2021
5.0 out of 5 stars,vaibhavanand,https://www.amazon.in/gp/customer-reviews/R287WE3FNMJO0/ref=cm_cr_getr_d_rvw_ttl?ie=UTF8&ASIN=B08HNTWVLV, 👍,Zakkas!,,"https://images-eu.ssl-images-amazon.com/images/S/amazon-avatars-global/default._CR0,0,1024,1024_SX48_.png",Reviewed in India 🇮🇳 on 17 February 2022
4.0 out of 5 stars,T R Lakhani,https://www.amazon.in/gp/customer-reviews/RROVDAV6E9XHF/ref=cm_cr_getr_d_rvw_ttl?ie=UTF8&ASIN=B08HNTWVLV, Tasted sour,Old stock,,"https://images-eu.ssl-images-amazon.com/images/S/amazon-avatars-global/default._CR0,0,1024,1024_SX48_.png",Reviewed in India 🇮🇳 on 2 July 2021
5.0 out of 5 stars,Ehtesham,https://www.amazon.in/gp/customer-reviews/R1GA2KPQ932JHV/ref=cm_cr_getr_d_rvw_ttl?ie=UTF8&ASIN=B08HNTWVLV, one of my all tyme any time favotite.,loved it.,,"https://images-eu.ssl-images-amazon.com/images/S/amazon-avatars-global/e0b89e52-d790-4103-894d-319b34f01db2._CR0,0,500,500_SX48_.jpg",Reviewed in India 🇮🇳 on 10 January 2022
5.0 out of 5 stars,surajpal,https://www.amazon.in/gp/customer-reviews/RN6A9K5X7JM14/ref=cm_cr_getr_d_rvw_ttl?ie=UTF8&ASIN=B08HNTWVLV, Very nice,Very good Test,,https://images-na.ssl-images-amazon.com/images/G/01/x-locale/common/grey-pixel.gif,Reviewed in India 🇮🇳 on 25 December 2021
5.0 out of 5 stars,Halima Anwar Makrani,https://www.amazon.in/gp/customer-reviews/R1MH5ALZJGY0CP/ref=cm_cr_getr_d_rvw_ttl?ie=UTF8&ASIN=B08HNTWVLV, Good,Good in texture,,https://images-na.ssl-images-amazon.com/images/G/01/x-locale/common/grey-pixel.gif,Reviewed in India 🇮🇳 on 13 December 2021
5.0 out of 5 stars,Aarti,https://www.amazon.in/gp/customer-reviews/R3IRXTJ2JQ9UCV/ref=cm_cr_getr_d_rvw_ttl?ie=UTF8&ASIN=B08HNTWVLV, Good,I like this chhas and 10 rupee is very low price all over very good,,https://images-na.ssl-images-amazon.com/images/G/01/x-locale/common/grey-pixel.gif,Reviewed in India 🇮🇳 on 15 July 2021
5.0 out of 5 stars,amol m meshram,https://www.amazon.in/gp/customer-reviews/RLVKALI3HW91D/ref=cm_cr_getr_d_rvw_ttl?ie=UTF8&ASIN=B08HNTWVLV, I liked it.,"The taste is nice, a little spicy, a little sweet",,https://images-na.ssl-images-amazon.com/images/G/01/x-locale/common/grey-pixel.gif,Reviewed in India 🇮🇳 on 28 August 2021
2.0 out of 5 stars,Vaishali vijay deodhar,https://www.amazon.in/gp/customer-reviews/R28KRXZKWEH7FS/ref=cm_cr_getr_d_rvw_ttl?ie=UTF8&ASIN=B08HNTWVLV, Fully faltu chhaas.free diya toh bhi nahi koi pinewala.,Isme tadka hai hi nahi.amul chhaas is better than this.kuch bhi bechte hai.,,"https://images-eu.ssl-images-amazon.com/images/S/amazon-avatars-global/default._CR0,0,1024,1024_SX48_.png",Reviewed in India 🇮🇳 on 23 March 2022
5.0 out of 5 stars,Deepika,https://www.amazon.in/gp/customer-reviews/R2LY1REWR2W3I0/ref=cm_cr_getr_d_rvw_ttl?ie=UTF8&ASIN=B08HNTWVLV, Gud,Gud gud,,"https://images-eu.ssl-images-amazon.com/images/S/amazon-avatars-global/default._CR0,0,1024,1024_SX48_.png",Reviewed in India 🇮🇳 on 23 November 2021
5.0 out of 5 stars,VIRENDER PRASAD,https://www.amazon.in/gp/customer-reviews/RTOMF2U4EFD8K/ref=cm_cr_getr_d_rvw_ttl?ie=UTF8&ASIN=B08HNTWVLV, Best And Chilled,Was delivered chilled... And as always it's tasty that's why people love chach,,"https://images-eu.ssl-images-amazon.com/images/S/amazon-avatars-global/default._CR0,0,1024,1024_SX48_.png",Reviewed in India 🇮🇳 on 16 July 2021
5.0 out of 5 stars,Himanshu Sharma,https://www.amazon.in/gp/customer-reviews/R2L6TI8KXSZSCC/ref=cm_cr_getr_d_rvw_ttl?ie=UTF8&ASIN=B08HNTWVLV, Fresh and Tasty.,The Flavour is good and tasty. Just for Rs. 10.,,"https://images-eu.ssl-images-amazon.com/images/S/amazon-avatars-global/default._CR0,0,1024,1024_SX48_.png",Reviewed in India 🇮🇳 on 20 July 2021
5.0 out of 5 stars,Kedar,https://www.amazon.in/gp/customer-reviews/R1F2F469TXPG09/ref=cm_cr_getr_d_rvw_ttl?ie=UTF8&ASIN=B08HNTWVLV, rich and creamy,mother dairy is surprising each day with amazing products,,"https://images-eu.ssl-images-amazon.com/images/S/amazon-avatars-global/default._CR0,0,1024,1024_SX48_.png",Reviewed in India 🇮🇳 on 28 July 2021
2.0 out of 5 stars,Manoj,https://www.amazon.in/gp/customer-reviews/R2308A1Z7SZS42/ref=cm_cr_getr_d_rvw_ttl?ie=UTF8&ASIN=B08HNTWVLV, Too much salted,Too much salted,,"https://images-eu.ssl-images-amazon.com/images/S/amazon-avatars-global/default._CR0,0,1024,1024_SX48_.png",Reviewed in India 🇮🇳 on 10 April 2022
5.0 out of 5 stars,Priyanka Yadav,https://www.amazon.in/gp/customer-reviews/R29L2V1XEB8P7/ref=cm_cr_getr_d_rvw_ttl?ie=UTF8&ASIN=B08HNTWVLV, Good,"Fresh,date of expiry was 2 3 days away",,https://images-na.ssl-images-amazon.com/images/G/01/x-locale/common/grey-pixel.gif,Reviewed in India 🇮🇳 on 5 June 2021
5.0 out of 5 stars,Dipankar Bhattacharya,https://www.amazon.in/gp/customer-reviews/R1YCFQSDZ35GPB/ref=cm_cr_getr_d_rvw_ttl?ie=UTF8&ASIN=B08HNTWVLV, Great taste,Great taste,,https://images-na.ssl-images-amazon.com/images/G/01/x-locale/common/grey-pixel.gif,Reviewed in India 🇮🇳 on 11 August 2021
5.0 out of 5 stars,Priya,https://www.amazon.in/gp/customer-reviews/R3DVL7T5X8FRWA/ref=cm_cr_getr_d_rvw_ttl?ie=UTF8&ASIN=B08HNTWVLV, Yummy,Super delicious,,https://images-na.ssl-images-amazon.com/images/G/01/x-locale/common/grey-pixel.gif,Reviewed in India 🇮🇳 on 28 July 2021
5.0 out of 5 stars,Saroj,https://www.amazon.in/gp/customer-reviews/R3EFWDK9PBR436/ref=cm_cr_getr_d_rvw_ttl?ie=UTF8&ASIN=B08HNTWVLV, Good,Like,,https://images-na.ssl-images-amazon.com/images/G/01/x-locale/common/grey-pixel.gif,Reviewed in India 🇮🇳 on 2 August 2021
5.0 out of 5 stars,Amazon Customer,https://www.amazon.in/gp/customer-reviews/R316L9SYCCL92/ref=cm_cr_getr_d_rvw_ttl?ie=UTF8&ASIN=B08HNTWVLV, Excellent,Excellent,,"https://images-eu.ssl-images-amazon.com/images/S/amazon-avatars-global/default._CR0,0,1024,1024_SX48_.png",Reviewed in India 🇮🇳 on 13 July 2021
5.0 out of 5 stars,Vikas,https://www.amazon.in/gp/customer-reviews/RT0NGRYOX7CJ0/ref=cm_cr_getr_d_rvw_ttl?ie=UTF8&ASIN=B08HNTWVLV, yummy,good,,"https://images-eu.ssl-images-amazon.com/images/S/amazon-avatars-global/default._CR0,0,1024,1024_SX48_.png",Reviewed in India 🇮🇳 on 12 July 2021
5.0 out of 5 stars,Gauri s.,https://www.amazon.in/gp/customer-reviews/R1RTXVAERAZQXU/ref=cm_cr_getr_d_rvw_ttl?ie=UTF8&ASIN=B08HNTWVLV, Very nice,Nice,,"https://images-eu.ssl-images-amazon.com/images/S/amazon-avatars-global/default._CR0,0,1024,1024_SX48_.png",Reviewed in India 🇮🇳 on 8 June 2021
5.0 out of 5 stars,Omkar Dhomane,https://www.amazon.in/gp/customer-reviews/R96JMMZ8X1A9U/ref=cm_cr_getr_d_rvw_ttl?ie=UTF8&ASIN=B08HNTWVLV, Good Product,Good Product,,"https://images-eu.ssl-images-amazon.com/images/S/amazon-avatars-global/default._CR0,0,1024,1024_SX48_.png",Reviewed in India 🇮🇳 on 25 April 2021
2.0 out of 5 stars,Ramesh,https://www.amazon.in/gp/customer-reviews/R60IMTH8DJ3N6/ref=cm_cr_getr_d_rvw_ttl?ie=UTF8&ASIN=B08HNTWVLV, Always Expiry date is too closed,Always observed expiry date is too closed.,,"https://images-eu.ssl-images-amazon.com/images/S/amazon-avatars-global/10c212bc-be2b-41d6-90e8-f64cfee64040._CR0,0,960,960_SX48_.jpg",Reviewed in India 🇮🇳 on 30 November 2021
1.0 out of 5 stars,Saurabh madhusudan,https://www.amazon.in/gp/customer-reviews/R3EDKX1F3HGP4Q/ref=cm_cr_getr_d_rvw_ttl?ie=UTF8&ASIN=B08HNTWVLV, Worse taste,Very bad taste,,"https://images-eu.ssl-images-amazon.com/images/S/amazon-avatars-global/default._CR0,0,1024,1024_SX48_.png",Reviewed in India 🇮🇳 on 14 September 2022
1.0 out of 5 stars,Rakesh Kumar,https://www.amazon.in/gp/customer-reviews/RZDK6BK1Z6U18/ref=cm_cr_getr_d_rvw_ttl?ie=UTF8&ASIN=B08HNTWVLV, Kafi purani chhach hai.,Smale in chhach,,https://images-na.ssl-images-amazon.com/images/G/01/x-locale/common/grey-pixel.gif,Reviewed in India 🇮🇳 on 7 September 2022
1.0 out of 5 stars,Anshul Dhiman,https://www.amazon.in/gp/customer-reviews/R1FQ9QOVLQWCD3/ref=cm_cr_getr_d_rvw_ttl?ie=UTF8&ASIN=B08HNTWVLV, Very poor product,Very poor product totally water,,https://images-na.ssl-images-amazon.com/images/G/01/x-locale/common/grey-pixel.gif,Reviewed in India 🇮🇳 on 17 August 2022
1.0 out of 5 stars,sachin N.,https://www.amazon.in/gp/customer-reviews/R5ZBP8O6C0FVB/ref=cm_cr_getr_d_rvw_ttl?ie=UTF8&ASIN=B08HNTWVLV, It's too too bad,It's too too bad..,,https://images-na.ssl-images-amazon.com/images/G/01/x-locale/common/grey-pixel.gif,Reviewed in India 🇮🇳 on 12 August 2022
1.0 out of 5 stars,Lipika,https://www.amazon.in/gp/customer-reviews/R1IBOFAFMTGGF3/ref=cm_cr_getr_d_rvw_ttl?ie=UTF8&ASIN=B08HNTWVLV, Not at all tasteful,Nowhere near its counterpart,,https://images-na.ssl-images-amazon.com/images/G/01/x-locale/common/grey-pixel.gif,Reviewed in India 🇮🇳 on 5 June 2022
1.0 out of 5 stars,Vineet Jaiswal,https://www.amazon.in/gp/customer-reviews/R1JDWCI80548YB/ref=cm_cr_getr_d_rvw_ttl?ie=UTF8&ASIN=B08HNTWVLV, Expired,It was expired,,"https://images-eu.ssl-images-amazon.com/images/S/amazon-avatars-global/dc9d5575-2cc5-4283-882e-6ea6e98771c7._CR0,0,640,640_SX48_.jpg",Reviewed in India 🇮🇳 on 21 May 2022
1.0 out of 5 stars,RS,https://www.amazon.in/gp/customer-reviews/R3TLRMT4IQ2GPT/ref=cm_cr_getr_d_rvw_ttl?ie=UTF8&ASIN=B08HNTWVLV, Too watery,Too watery,,"https://images-eu.ssl-images-amazon.com/images/S/amazon-avatars-global/default._CR0,0,1024,1024_SX48_.png",Reviewed in India 🇮🇳 on 27 April 2022
1.0 out of 5 stars,Dr Naresh Matai,https://www.amazon.in/gp/customer-reviews/R2UYPXBGLJQCK0/ref=cm_cr_getr_d_rvw_ttl?ie=UTF8&ASIN=B08HNTWVLV, leaked packets,Leaking packets,,"https://images-eu.ssl-images-amazon.com/images/S/amazon-avatars-global/default._CR0,0,1024,1024_SX48_.png",Reviewed in India 🇮🇳 on 7 March 2022
1.0 out of 5 stars,Vinay V.,https://www.amazon.in/gp/customer-reviews/R39ONWQ242A2B2/ref=cm_cr_getr_d_rvw_ttl?ie=UTF8&ASIN=B08HNTWVLV, Not edible,"There was this weird smell and taste, we had to throw it out",,"https://images-eu.ssl-images-amazon.com/images/S/amazon-avatars-global/default._CR0,0,1024,1024_SX48_.png",Reviewed in India 🇮🇳 on 7 July 2021
1.0 out of 5 stars,Sachin,https://www.amazon.in/gp/customer-reviews/R3DEUBQ1F9OT6M/ref=cm_cr_getr_d_rvw_ttl?ie=UTF8&ASIN=B08HNTWVLV, Avoid. You will get expired product.,Avoid this product. They deliver EXPIRED product.,,"https://images-eu.ssl-images-amazon.com/images/S/amazon-avatars-global/6922ed89-211e-451f-a9d2-e71eb1f97fec._CR0,0,336,336_SX48_.jpg",Reviewed in India 🇮🇳 on 3 August 2021
1.0 out of 5 stars,Yashender Kumar,https://www.amazon.in/gp/customer-reviews/R32UAX9NH1IRZ0/ref=cm_cr_getr_d_rvw_ttl?ie=UTF8&ASIN=B08HNTWVLV, Not order again this product,delivered one day expired Chaach to me.,,"https://images-eu.ssl-images-amazon.com/images/S/amazon-avatars-global/default._CR0,0,1024,1024_SX48_.png",Reviewed in India 🇮🇳 on 18 June 2021
1.0 out of 5 stars,sonu kumar,https://www.amazon.in/gp/customer-reviews/R218UMYO6IB5GI/ref=cm_cr_getr_d_rvw_ttl?ie=UTF8&ASIN=B08HNTWVLV, Old date,Old date received,,https://images-na.ssl-images-amazon.com/images/G/01/x-locale/common/grey-pixel.gif,Reviewed in India 🇮🇳 on 27 July 2021
5.0 out of 5 stars,Dr. ASHWANI KUMAR VERMA,https://www.amazon.in/gp/customer-reviews/RDNXKSFG5RI3S/ref=cm_cr_getr_d_rvw_ttl?ie=UTF8&ASIN=B08HNTWVLV, Good item at market price.,Good item at market price.,,https://images-na.ssl-images-amazon.com/images/G/01/x-locale/common/grey-pixel.gif,Reviewed in India 🇮🇳 on 29 May 2022
4.0 out of 5 stars,Neha bhardwaj,https://www.amazon.in/gp/customer-reviews/R1NLBOZSL5LYUH/ref=cm_cr_getr_d_rvw_ttl?ie=UTF8&ASIN=B08HNTWVLV, Nice,Good in taste,,https://images-na.ssl-images-amazon.com/images/G/01/x-locale/common/grey-pixel.gif,Reviewed in India 🇮🇳 on 23 June 2022
5.0 out of 5 stars,pradeep sharma,https://www.amazon.in/gp/customer-reviews/R2YJ0RNURAFAFJ/ref=cm_cr_getr_d_rvw_ttl?ie=UTF8&ASIN=B08HNTWVLV, Good,Good,,https://images-na.ssl-images-amazon.com/images/G/01/x-locale/common/grey-pixel.gif,Reviewed in India 🇮🇳 on 23 June 2022
5.0 out of 5 stars,Deepak kumar,https://www.amazon.in/gp/customer-reviews/R2A17NMNTR5KB3/ref=cm_cr_getr_d_rvw_ttl?ie=UTF8&ASIN=B08HNTWVLV, Very good,Very good,,"https://images-eu.ssl-images-amazon.com/images/S/amazon-avatars-global/default._CR0,0,1024,1024_SX48_.png",Reviewed in India 🇮🇳 on 21 August 2022
5.0 out of 5 stars,Bhavana Mishra,https://www.amazon.in/gp/customer-reviews/R2US7Y2CXRQMS4/ref=cm_cr_getr_d_rvw_ttl?ie=UTF8&ASIN=B08HNTWVLV, Perfect freshness,Super refreshing,,"https://images-eu.ssl-images-amazon.com/images/S/amazon-avatars-global/default._CR0,0,1024,1024_SX48_.png",Reviewed in India 🇮🇳 on 15 November 2021
3.0 out of 5 stars,Swetansh Singh,https://www.amazon.in/gp/customer-reviews/R29EU2XMFEWF9N/ref=cm_cr_getr_d_rvw_ttl?ie=UTF8&ASIN=B08HNTWVLV, great taste,Great taste but masala chach is better,,"https://images-eu.ssl-images-amazon.com/images/S/amazon-avatars-global/default._CR0,0,1024,1024_SX48_.png",Reviewed in India 🇮🇳 on 1 August 2022
5.0 out of 5 stars,sir_oj,https://www.amazon.in/gp/customer-reviews/RT1D51VYWDXYI/ref=cm_cr_getr_d_rvw_ttl?ie=UTF8&ASIN=B08HNTWVLV, Good,Good taste,,"https://images-eu.ssl-images-amazon.com/images/S/amazon-avatars-global/default._CR0,0,1024,1024_SX48_.png",Reviewed in India 🇮🇳 on 16 August 2022
1.0 out of 5 stars,patrick rajan,https://www.amazon.in/gp/customer-reviews/RQ0AHYMXIX16P/ref=cm_cr_getr_d_rvw_ttl?ie=UTF8&ASIN=B08HNTWVLV, Plz do not repeat ask for reviews if you cannot print them,same as above,,"https://images-eu.ssl-images-amazon.com/images/S/amazon-avatars-global/default._CR0,0,1024,1024_SX48_.png",Reviewed in India 🇮🇳 on 24 May 2021
5.0 out of 5 stars,Amazon customer,https://www.amazon.in/gp/customer-reviews/R3BILYJR719VGK/ref=cm_cr_getr_d_rvw_ttl?ie=UTF8&ASIN=B08HNTWVLV, Excellent product,We frequently use it,,"https://images-eu.ssl-images-amazon.com/images/S/amazon-avatars-global/default._CR0,0,1024,1024_SX48_.png",Reviewed in India 🇮🇳 on 7 October 2022
5.0 out of 5 stars,r p mishra,https://www.amazon.in/gp/customer-reviews/R1B5LCXHLTPJ3X/ref=cm_cr_getr_d_rvw_ttl?ie=UTF8&ASIN=B08HNTWVLV, It's Tasty,Liked the taste & flavour.,,https://images-na.ssl-images-amazon.com/images/G/01/x-locale/common/grey-pixel.gif,Reviewed in India 🇮🇳 on 22 March 2023
5.0 out of 5 stars,Ajay kumar,https://www.amazon.in/gp/customer-reviews/R3STIH0TSE4C32/ref=cm_cr_getr_d_rvw_ttl?ie=UTF8&ASIN=B08HNTWVLV, Best,Beat,,https://images-na.ssl-images-amazon.com/images/G/01/x-locale/common/grey-pixel.gif,Reviewed in India 🇮🇳 on 4 August 2021
