Star-rating,Name,Reviewer Profile Url,Review Title,Review Content,images,profile icon,Date
4.0 out of 5 stars,Shambhu S.,https://www.amazon.in/gp/customer-reviews/R2880A2ORLP528/ref=cm_cr_arp_d_rvw_ttl?ie=UTF8&ASIN=B078KT9RB1, Inconsistent quality,"Though good in taste, the quality fluctuates from pack to pack. From very dry to normal moisture. Many times packets have a thin piece to balance weight that looks ugly.",,"https://images-eu.ssl-images-amazon.com/images/S/amazon-avatars-global/default._CR0,0,1024,1024_SX48_.png",Reviewed in India 🇮🇳 on 13 March 2023
5.0 out of 5 stars,Vithal R.,https://www.amazon.in/gp/customer-reviews/RV4UWAZ3VSDKV/ref=cm_cr_arp_d_rvw_ttl?ie=UTF8&ASIN=B078KT9RB1, Excellent,The product is fresh,,https://images-na.ssl-images-amazon.com/images/G/01/x-locale/common/grey-pixel.gif,Reviewed in India 🇮🇳 on 24 March 2023
4.0 out of 5 stars,Bhaskar Banerjee,https://www.amazon.in/gp/customer-reviews/R36SAJAS9RMO0S/ref=cm_cr_arp_d_rvw_ttl?ie=UTF8&ASIN=B078KT9RB1, Amazon Fresh product is really fresh for all respect.,Amazon Fresh product is really good.,,https://images-na.ssl-images-amazon.com/images/G/01/x-locale/common/grey-pixel.gif,Reviewed in India 🇮🇳 on 14 January 2023
5.0 out of 5 stars,JB,https://www.amazon.in/gp/customer-reviews/R28ZCNNB9IRYQT/ref=cm_cr_arp_d_rvw_ttl?ie=UTF8&ASIN=B078KT9RB1, Not a bad choice for online grocery shopping,Basic grocery product. Taste good and delivered in time,,https://images-na.ssl-images-amazon.com/images/G/01/x-locale/common/grey-pixel.gif,Reviewed in India 🇮🇳 on 23 February 2023
5.0 out of 5 stars,RDP,https://www.amazon.in/gp/customer-reviews/RMBSUYSZ6W4KT/ref=cm_cr_arp_d_rvw_ttl?ie=UTF8&ASIN=B078KT9RB1, Good value,"Good quality product, at a very fair price, in comparison to the competition.",,https://images-na.ssl-images-amazon.com/images/G/01/x-locale/common/grey-pixel.gif,Reviewed in India 🇮🇳 on 1 March 2023
5.0 out of 5 stars,AMITAVA G.,https://www.amazon.in/gp/customer-reviews/R3DAB0G3ZTR0C5/ref=cm_cr_arp_d_rvw_ttl?ie=UTF8&ASIN=B078KT9RB1, Essence of food increases,Good food,,https://images-na.ssl-images-amazon.com/images/G/01/x-locale/common/grey-pixel.gif,Reviewed in India 🇮🇳 on 4 February 2023
4.0 out of 5 stars,Rohit Pawar,https://www.amazon.in/gp/customer-reviews/RU2B61QR07PQP/ref=cm_cr_arp_d_rvw_ttl?ie=UTF8&ASIN=B078KT9RB1, good,Amul makes good products.,,https://images-na.ssl-images-amazon.com/images/G/01/x-locale/common/grey-pixel.gif,Reviewed in India 🇮🇳 on 18 December 2022
2.0 out of 5 stars,Debopriya.,https://www.amazon.in/gp/customer-reviews/R2XJGDWW4BCMTZ/ref=cm_cr_arp_d_rvw_ttl?ie=UTF8&ASIN=B078KT9RB1, DO NOT BUY.,"The quality of the paneer is not up to the mark.
You should not buy this from More atleast. It's not the fault of Amul but More had provided rotten paneer. It's not the first time they are doing it. I will request you people not to buy from here unless you want to waste your money or fall sick.",,https://images-na.ssl-images-amazon.com/images/G/01/x-locale/common/grey-pixel.gif,Reviewed in India 🇮🇳 on 27 March 2023
5.0 out of 5 stars,Mohit Nair,https://www.amazon.in/gp/customer-reviews/R1WJFXUJV7RQW4/ref=cm_cr_arp_d_rvw_ttl?ie=UTF8&ASIN=B078KT9RB1, Fresh,Fresh item,,https://images-na.ssl-images-amazon.com/images/G/01/x-locale/common/grey-pixel.gif,Reviewed in India 🇮🇳 on 8 January 2023
4.0 out of 5 stars,rama chandra,https://www.amazon.in/gp/customer-reviews/RP23ZHUJT2XJT/ref=cm_cr_arp_d_rvw_ttl?ie=UTF8&ASIN=B078KT9RB1, Super,Us full,,https://images-na.ssl-images-amazon.com/images/G/01/x-locale/common/grey-pixel.gif,Reviewed in India 🇮🇳 on 18 October 2022
2.0 out of 5 stars,Dharmander Prasad,https://www.amazon.in/gp/customer-reviews/RHXIXDME5QGM1/ref=cm_cr_getr_d_rvw_ttl?ie=UTF8&ASIN=B078KT9RB1, Not good,Not good,,"https://images-eu.ssl-images-amazon.com/images/S/amazon-avatars-global/default._CR0,0,1024,1024_SX48_.png",Reviewed in India 🇮🇳 on 31 March 2023
4.0 out of 5 stars,Tom Jose,https://www.amazon.in/gp/customer-reviews/R3T7BMQJY1L7F9/ref=cm_cr_getr_d_rvw_ttl?ie=UTF8&ASIN=B078KT9RB1, Good,Suitable,,"https://images-eu.ssl-images-amazon.com/images/S/amazon-avatars-global/default._CR0,0,1024,1024_SX48_.png",Reviewed in India 🇮🇳 on 5 October 2022
5.0 out of 5 stars,Syzygy,https://www.amazon.in/gp/customer-reviews/R37H03EKXZD63Y/ref=cm_cr_getr_d_rvw_ttl?ie=UTF8&ASIN=B078KT9RB1, Excellent,"Tried different paneers like Ananda, Mother Dairy etc. from local provision stores. The shelf life for all these paneers is only of 15 days and after 3-4 days, they start becoming hard.

Amul paneer is truly exceptional with a shelf life of 45 days if stored in a freezer. Remains fresh for a very long time.

Taste and quality are much better than a lot of paneers available in the market.

Have been ordering Amul paneer regularly through Amazon and am very happy with the product and delivery.",,"https://images-eu.ssl-images-amazon.com/images/S/amazon-avatars-global/default._CR0,0,1024,1024_SX48_.png",Reviewed in India 🇮🇳 on 5 August 2022
5.0 out of 5 stars,R Vijayavalli,https://www.amazon.in/gp/customer-reviews/R1HLFXIZR5DFGM/ref=cm_cr_getr_d_rvw_ttl?ie=UTF8&ASIN=B078KT9RB1," Fresh, Healthy, Tasty, Awesome, Glorious, Tremendous, Sensational",Absolutely Mind Blowing taste. Thank you,,"https://images-eu.ssl-images-amazon.com/images/S/amazon-avatars-global/default._CR0,0,1024,1024_SX48_.png",Reviewed in India 🇮🇳 on 1 December 2022
4.0 out of 5 stars,Avijit Kumar De,https://www.amazon.in/gp/customer-reviews/R2D7EHRA5LS8ML/ref=cm_cr_getr_d_rvw_ttl?ie=UTF8&ASIN=B078KT9RB1, best,"even after a month's refrigeration, this paneer retains its softness and taste as if it was fresh. I love it.",,"https://images-eu.ssl-images-amazon.com/images/S/amazon-avatars-global/c34fac7b-0df8-43dd-b5fd-7fc9fc34f941._CR0,0.0,333,333_SX48_.jpg",Reviewed in India 🇮🇳 on 30 August 2022
4.0 out of 5 stars,yog raj khattar,https://www.amazon.in/gp/customer-reviews/R3FHQ36Y4UQASM/ref=cm_cr_getr_d_rvw_ttl?ie=UTF8&ASIN=B078KT9RB1, GOOD IN TASTE,"Soft ,good in taste & value for money",,https://images-na.ssl-images-amazon.com/images/G/01/x-locale/common/grey-pixel.gif,Reviewed in India 🇮🇳 on 14 August 2022
5.0 out of 5 stars,P Joshi,https://www.amazon.in/gp/customer-reviews/R31EECLAX2QHFM/ref=cm_cr_getr_d_rvw_ttl?ie=UTF8&ASIN=B078KT9RB1, Fresh and good quality,"Amul Paneer is soft,fresh and tastes good in different recipes.",,https://images-na.ssl-images-amazon.com/images/G/01/x-locale/common/grey-pixel.gif,Reviewed in India 🇮🇳 on 11 November 2022
4.0 out of 5 stars,Narendra Kumar,https://www.amazon.in/gp/customer-reviews/R1UCQHXLJ3O89P/ref=cm_cr_getr_d_rvw_ttl?ie=UTF8&ASIN=B078KT9RB1, Good,Ok,,https://images-na.ssl-images-amazon.com/images/G/01/x-locale/common/grey-pixel.gif,Reviewed in India 🇮🇳 on 26 August 2022
5.0 out of 5 stars,Deepak Gupta,https://www.amazon.in/gp/customer-reviews/R33LP4O1SOVGCD/ref=cm_cr_getr_d_rvw_ttl?ie=UTF8&ASIN=B078KT9RB1, Very Very good in taste,good,,https://images-na.ssl-images-amazon.com/images/G/01/x-locale/common/grey-pixel.gif,Reviewed in India 🇮🇳 on 28 November 2022
5.0 out of 5 stars,Amazon Customer,https://www.amazon.in/gp/customer-reviews/R29ZUGLAVMB8TC/ref=cm_cr_getr_d_rvw_ttl?ie=UTF8&ASIN=B078KT9RB1, Great taste,Great palak paneer prepared with this paneer with mild frying.,,https://images-na.ssl-images-amazon.com/images/G/01/x-locale/common/grey-pixel.gif,Reviewed in India 🇮🇳 on 7 November 2022
5.0 out of 5 stars,Vidisha s.,https://www.amazon.in/gp/customer-reviews/RWSWSMKDY9ESR/ref=cm_cr_getr_d_rvw_ttl?ie=UTF8&ASIN=B078KT9RB1, Good,Go for it,,"https://images-eu.ssl-images-amazon.com/images/S/amazon-avatars-global/default._CR0,0,1024,1024_SX48_.png",Reviewed in India 🇮🇳 on 14 November 2022
4.0 out of 5 stars,K RAVEENDRAN,https://www.amazon.in/gp/customer-reviews/R18KBC4CJ10GEN/ref=cm_cr_getr_d_rvw_ttl?ie=UTF8&ASIN=B078KT9RB1, It was tasty,For Palak paneer,,"https://images-eu.ssl-images-amazon.com/images/S/amazon-avatars-global/default._CR0,0,1024,1024_SX48_.png",Reviewed in India 🇮🇳 on 4 August 2022
5.0 out of 5 stars,Suraj,https://www.amazon.in/gp/customer-reviews/R34TCYJQ2GC6PJ/ref=cm_cr_getr_d_rvw_ttl?ie=UTF8&ASIN=B078KT9RB1," Fresh, tender and healthy","Fresh, tender and healthy",,"https://images-eu.ssl-images-amazon.com/images/S/amazon-avatars-global/default._CR0,0,1024,1024_SX48_.png",Reviewed in India 🇮🇳 on 5 November 2022
2.0 out of 5 stars,Amit,https://www.amazon.in/gp/customer-reviews/R3KMZ4XKN9ETT0/ref=cm_cr_getr_d_rvw_ttl?ie=UTF8&ASIN=B078KT9RB1, Not fresh.,Paneer was hard unlike fresh paneer purchased from the dairy,,"https://images-eu.ssl-images-amazon.com/images/S/amazon-avatars-global/default._CR0,0,1024,1024_SX48_.png",Reviewed in India 🇮🇳 on 19 January 2023
3.0 out of 5 stars,DHANUNJAI,https://www.amazon.in/gp/customer-reviews/R1Q91IA205427R/ref=cm_cr_getr_d_rvw_ttl?ie=UTF8&ASIN=B078KT9RB1, OK OK not bad,Flavor and softness is not that great .. but price is least of all existing player,,"https://images-eu.ssl-images-amazon.com/images/S/amazon-avatars-global/default._CR0,0,1024,1024_SX48_.png",Reviewed in India 🇮🇳 on 30 August 2022
5.0 out of 5 stars,Placeholder,https://www.amazon.in/gp/customer-reviews/R17YEM347BJGMI/ref=cm_cr_getr_d_rvw_ttl?ie=UTF8&ASIN=B078KT9RB1, Paneer malai,Good,,"https://images-eu.ssl-images-amazon.com/images/S/amazon-avatars-global/default._CR0,0,1024,1024_SX48_.png",Reviewed in India 🇮🇳 on 25 September 2022
5.0 out of 5 stars,SANJAY MATHUR,https://www.amazon.in/gp/customer-reviews/R30P5RLAQES6X/ref=cm_cr_getr_d_rvw_ttl?ie=UTF8&ASIN=B078KT9RB1, Money worth,Soft and value for money,,https://images-na.ssl-images-amazon.com/images/G/01/x-locale/common/grey-pixel.gif,Reviewed in India 🇮🇳 on 12 September 2022
5.0 out of 5 stars,Gladwin Vijay,https://www.amazon.in/gp/customer-reviews/R11CLCCBHPI3D9/ref=cm_cr_getr_d_rvw_ttl?ie=UTF8&ASIN=B078KT9RB1, Great taste,It has great taste and texture,,https://images-na.ssl-images-amazon.com/images/G/01/x-locale/common/grey-pixel.gif,Reviewed in India 🇮🇳 on 8 September 2022
5.0 out of 5 stars,Brajesh Mishra,https://www.amazon.in/gp/customer-reviews/R33KUVME37PBXT/ref=cm_cr_getr_d_rvw_ttl?ie=UTF8&ASIN=B078KT9RB1, Tasty food,Like,,https://images-na.ssl-images-amazon.com/images/G/01/x-locale/common/grey-pixel.gif,Reviewed in India 🇮🇳 on 14 September 2022
5.0 out of 5 stars,Mamta sharma,https://www.amazon.in/gp/customer-reviews/R1MW4DRI9TINJL/ref=cm_cr_getr_d_rvw_ttl?ie=UTF8&ASIN=B078KT9RB1, Good,I like it,,https://images-na.ssl-images-amazon.com/images/G/01/x-locale/common/grey-pixel.gif,Reviewed in India 🇮🇳 on 2 September 2022
5.0 out of 5 stars,Rachana Sahney,https://www.amazon.in/gp/customer-reviews/R3DQYVSF1AO1FD/ref=cm_cr_getr_d_rvw_ttl?ie=UTF8&ASIN=B078KT9RB1, Paneer blocks filled with taste and softness,I have used the paneer for making chilli paneer in chinese style. It gave a very soft texture and freshness to my recipe.,,"https://images-eu.ssl-images-amazon.com/images/S/amazon-avatars-global/default._CR0,0,1024,1024_SX48_.png",Reviewed in India 🇮🇳 on 18 July 2022
5.0 out of 5 stars,IMRAN KHAN,https://www.amazon.in/gp/customer-reviews/RVBRRP53ZCNS2/ref=cm_cr_getr_d_rvw_ttl?ie=UTF8&ASIN=B078KT9RB1, Nicely test,Na,,"https://images-eu.ssl-images-amazon.com/images/S/amazon-avatars-global/default._CR0,0,1024,1024_SX48_.png",Reviewed in India 🇮🇳 on 4 September 2022
4.0 out of 5 stars,Amazon Customer,https://www.amazon.in/gp/customer-reviews/R18O5SRR11LV7Y/ref=cm_cr_getr_d_rvw_ttl?ie=UTF8&ASIN=B078KT9RB1, Best price,Good quality,,"https://images-eu.ssl-images-amazon.com/images/S/amazon-avatars-global/default._CR0,0,1024,1024_SX48_.png",Reviewed in India 🇮🇳 on 22 April 2022
5.0 out of 5 stars,Rajesh pupneja,https://www.amazon.in/gp/customer-reviews/R33BLTI0BL6GSL/ref=cm_cr_getr_d_rvw_ttl?ie=UTF8&ASIN=B078KT9RB1, Good quality,Good quality,,"https://images-eu.ssl-images-amazon.com/images/S/amazon-avatars-global/default._CR0,0,1024,1024_SX48_.png",Reviewed in India 🇮🇳 on 28 August 2022
5.0 out of 5 stars,GYAN_YADAV,https://www.amazon.in/gp/customer-reviews/R1J58NQ4X6HMG8/ref=cm_cr_getr_d_rvw_ttl?ie=UTF8&ASIN=B078KT9RB1, Fresh 🍃💦,Was delivered of time and also freshly delivered.,,"https://images-eu.ssl-images-amazon.com/images/S/amazon-avatars-global/e6a93845-066e-4783-ab56-faddc118fdc7._CR0,0,391,391_SX48_.jpg",Reviewed in India 🇮🇳 on 16 August 2022
4.0 out of 5 stars,BASU,https://www.amazon.in/gp/customer-reviews/RBTIFJ8JHLZV8/ref=cm_cr_getr_d_rvw_ttl?ie=UTF8&ASIN=B078KT9RB1, Soft and tasty,"The paneer is so good.
I have used paneer block and cubes. I feel cubes are better when it comes to softanes and storage.",,"https://images-eu.ssl-images-amazon.com/images/S/amazon-avatars-global/default._CR0,0,1024,1024_SX48_.png",Reviewed in India 🇮🇳 on 26 November 2021
5.0 out of 5 stars,Vijay Kumar Gupta,https://www.amazon.in/gp/customer-reviews/R277M7HLA5744O/ref=cm_cr_getr_d_rvw_ttl?ie=UTF8&ASIN=B078KT9RB1, Good,Good 😊,,https://images-na.ssl-images-amazon.com/images/G/01/x-locale/common/grey-pixel.gif,Reviewed in India 🇮🇳 on 20 August 2022
5.0 out of 5 stars,PK,https://www.amazon.in/gp/customer-reviews/R1VNUDR4EIVX57/ref=cm_cr_getr_d_rvw_ttl?ie=UTF8&ASIN=B078KT9RB1, It was nice. Soft.,It was nice very soft.,,https://images-na.ssl-images-amazon.com/images/G/01/x-locale/common/grey-pixel.gif,Reviewed in India 🇮🇳 on 27 July 2022
5.0 out of 5 stars,Prakhar Goel,https://www.amazon.in/gp/customer-reviews/R2G0322SC45LBQ/ref=cm_cr_getr_d_rvw_ttl?ie=UTF8&ASIN=B078KT9RB1, A Must to Include in your Diet,"One of the softest packaged panner you'll get in the market. I have tried several brands like mother dairy, go paneer etc but this is the best one. You must include panner in your daily diet as it is a source of complete protein and also provides calcium and other nutrients. I recommend that you include 50 gms in your daily along with breakfast/lunch to get the best out of it!",,https://images-na.ssl-images-amazon.com/images/G/01/x-locale/common/grey-pixel.gif,Reviewed in India 🇮🇳 on 26 June 2021
3.0 out of 5 stars,Archit,https://www.amazon.in/gp/customer-reviews/R16HQ9O3Y7DAL9/ref=cm_cr_getr_d_rvw_ttl?ie=UTF8&ASIN=B078KT9RB1, Good if it is available below 70rs,Good if it is available below 70rs,,https://images-na.ssl-images-amazon.com/images/G/01/x-locale/common/grey-pixel.gif,Reviewed in India 🇮🇳 on 26 May 2022
3.0 out of 5 stars,Siddharth,https://www.amazon.in/gp/customer-reviews/R28M2NSTO20SLK/ref=cm_cr_getr_d_rvw_ttl?ie=UTF8&ASIN=B078KT9RB1, Not 'malaidaar',Good budget offering for the pocket sensitive customers,,"https://images-eu.ssl-images-amazon.com/images/S/amazon-avatars-global/c201f855-4ee4-4e95-bbbd-b649c47320dd._CR109,0,281,281_SX48_.jpg",Reviewed in India 🇮🇳 on 17 June 2022
4.0 out of 5 stars,sankar C.,https://www.amazon.in/gp/customer-reviews/R2C7G2QKO0WONB/ref=cm_cr_getr_d_rvw_ttl?ie=UTF8&ASIN=B078KT9RB1, Value for money,Liked it,,"https://images-eu.ssl-images-amazon.com/images/S/amazon-avatars-global/default._CR0,0,1024,1024_SX48_.png",Reviewed in India 🇮🇳 on 1 January 2022
5.0 out of 5 stars,Kanchan Kumar Singha,https://www.amazon.in/gp/customer-reviews/R1DGU9BE5HC4IY/ref=cm_cr_getr_d_rvw_ttl?ie=UTF8&ASIN=B078KT9RB1, Must buy,"Good quality and taste, price are lower than local shop",,"https://images-eu.ssl-images-amazon.com/images/S/amazon-avatars-global/1488f2f8-dd8c-4af0-8c05-06b7233dddf4._CR0,0,375,375_SX48_.jpg",Reviewed in India 🇮🇳 on 23 May 2022
3.0 out of 5 stars,R,https://www.amazon.in/gp/customer-reviews/R1HGNP6PCDA0HH/ref=cm_cr_getr_d_rvw_ttl?ie=UTF8&ASIN=B078KT9RB1, Please check the quantity and expiry after ordering from Amazon Fresh!,"There was no taste difference although, but the product has expired. The expiry date is 45days from manufacturing date. And the manufacturing date is of August 2020, although I ordered in December 2020.

I noticed when I had randomly checked the expiry date and it was the final quantity and unfortunately it was opened.

Everytime, when you order from amazon fresh specifically, please check the quantity and date of manufacturing or expiry.

This is the second time I'm noticing, earlier it was surf excel quantity and now it's the manufacturing/expiry date of Amul paneer.","https://images-na.ssl-images-amazon.com/images/I/A1Hi+Io5dKL.88.jpg  
https://images-na.ssl-images-amazon.com/images/I/B1i4PYhpUnS.88.jpg  
","https://images-eu.ssl-images-amazon.com/images/S/amazon-avatars-global/default._CR0,0,1024,1024_SX48_.png",Reviewed in India 🇮🇳 on 27 December 2020
5.0 out of 5 stars,Shyam yadav,https://www.amazon.in/gp/customer-reviews/R3V76T40GEQHP7/ref=cm_cr_getr_d_rvw_ttl?ie=UTF8&ASIN=B078KT9RB1, Excellent,Excellent 👌,,https://images-na.ssl-images-amazon.com/images/G/01/x-locale/common/grey-pixel.gif,Reviewed in India 🇮🇳 on 17 June 2022
4.0 out of 5 stars,Akhil k.,https://www.amazon.in/gp/customer-reviews/R6G9OV1B8981E/ref=cm_cr_getr_d_rvw_ttl?ie=UTF8&ASIN=B078KT9RB1, 1 week to expiry product delivered,Food is good as the product is from amul brand. But the dealer gave me the product which was almost nearing the expiry date.,,https://images-na.ssl-images-amazon.com/images/G/01/x-locale/common/grey-pixel.gif,Reviewed in India 🇮🇳 on 15 May 2021
5.0 out of 5 stars,Niki,https://www.amazon.in/gp/customer-reviews/R3C48Y74MHEFLS/ref=cm_cr_getr_d_rvw_ttl?ie=UTF8&ASIN=B078KT9RB1, Go ahead and buy!,"During this indefinite lockdown this paneer has definitely been a saviour.
The best part is that the expiry date is almost 45 days. This helps to stock and store paneer and use it as and when need be which actually is not possible with any fresh dairy paneer. It is not very soft like your fresh paneer but still it tastes good enough.
I have made tandoori and chinese recipes using this block of paneer and i keep reordering too.",,https://images-na.ssl-images-amazon.com/images/G/01/x-locale/common/grey-pixel.gif,Reviewed in India 🇮🇳 on 24 June 2020
5.0 out of 5 stars,Raj,https://www.amazon.in/gp/customer-reviews/R2MSLI3ZF3YP8K/ref=cm_cr_getr_d_rvw_ttl?ie=UTF8&ASIN=B078KT9RB1, Stands for its name,"We love Amul product, good quality, taste and fresh. This paneer was also great, overall ... son is a big fan.",,https://images-na.ssl-images-amazon.com/images/G/01/x-locale/common/grey-pixel.gif,Reviewed in India 🇮🇳 on 23 February 2022
4.0 out of 5 stars,Akash Dixit,https://www.amazon.in/gp/customer-reviews/R3OHJ61U8HJEW8/ref=cm_cr_getr_d_rvw_ttl?ie=UTF8&ASIN=B078KT9RB1, Nice,Nice,,https://images-na.ssl-images-amazon.com/images/G/01/x-locale/common/grey-pixel.gif,Reviewed in India 🇮🇳 on 14 September 2021
1.0 out of 5 stars,Theresa,https://www.amazon.in/gp/customer-reviews/R29Q1ND2BQLJXU/ref=cm_cr_getr_d_rvw_ttl?ie=UTF8&ASIN=B078KT9RB1, Spoiled panner from fresh, Delivered spoiled Amul paneer from fresh,,https://images-na.ssl-images-amazon.com/images/G/01/x-locale/common/grey-pixel.gif,Reviewed in India 🇮🇳 on 1 February 2023
3.0 out of 5 stars,Sharlet Peranickal,https://www.amazon.in/gp/customer-reviews/R2XOTGZ5ISW9ZV/ref=cm_cr_getr_d_rvw_ttl?ie=UTF8&ASIN=B078KT9RB1, Cheap but not worth it!,If buying paneer in the south I would suggest Nandini as Amul is not soft even when kept in hot water for a bit. The texture is rubbery and I don't find the taste any better.,,"https://images-eu.ssl-images-amazon.com/images/S/amazon-avatars-global/default._CR0,0,1024,1024_SX48_.png",Reviewed in India 🇮🇳 on 2 June 2021
2.0 out of 5 stars,Tanushri Choudhary,https://www.amazon.in/gp/customer-reviews/RKFD76B0WPOHK/ref=cm_cr_getr_d_rvw_ttl?ie=UTF8&ASIN=B078KT9RB1, The block was hard...,"Price is fine.
The block was hard.",,"https://images-eu.ssl-images-amazon.com/images/S/amazon-avatars-global/default._CR0,0,1024,1024_SX48_.png",Reviewed in India 🇮🇳 on 29 July 2022
5.0 out of 5 stars,shweta das,https://www.amazon.in/gp/customer-reviews/R2U8NFKXLBG853/ref=cm_cr_getr_d_rvw_ttl?ie=UTF8&ASIN=B078KT9RB1, Used Amul Fresh Paneer Blocks for Pizza Preparation!!,I tried Amul Fresh Paneer Block for the first time since today early morning I needed it to make Paneer Pizza and amazingly it turned out to be Yummy!! The paneer is quite soft and was delivered on priority though some might feel it to be expensive but it really adds fresh flavour and colour to you Delicacies!,"https://images-na.ssl-images-amazon.com/images/I/718pZq6ITLL.88.jpg  
","https://images-eu.ssl-images-amazon.com/images/S/amazon-avatars-global/default._CR0,0,1024,1024_SX48_.png",Reviewed in India 🇮🇳 on 21 June 2020
1.0 out of 5 stars,vijay,https://www.amazon.in/gp/customer-reviews/RGW0N3NBHKAJX/ref=cm_cr_getr_d_rvw_ttl?ie=UTF8&ASIN=B078KT9RB1, Duplicate product,Taste are not good comprson market product,,"https://images-eu.ssl-images-amazon.com/images/S/amazon-avatars-global/default._CR0,0,1024,1024_SX48_.png",Reviewed in India 🇮🇳 on 23 December 2022
4.0 out of 5 stars,Pkaourora,https://www.amazon.in/gp/customer-reviews/R1GIRGJO07CFZZ/ref=cm_cr_getr_d_rvw_ttl?ie=UTF8&ASIN=B078KT9RB1, Excellent,One of the best among other options,,"https://images-eu.ssl-images-amazon.com/images/S/amazon-avatars-global/default._CR0,0,1024,1024_SX48_.png",Reviewed in India 🇮🇳 on 5 June 2021
4.0 out of 5 stars,santosh,https://www.amazon.in/gp/customer-reviews/R2OQP1FJP0WXC1/ref=cm_cr_getr_d_rvw_ttl?ie=UTF8&ASIN=B078KT9RB1, Value for money,Offer price was good,,https://images-na.ssl-images-amazon.com/images/G/01/x-locale/common/grey-pixel.gif,Reviewed in India 🇮🇳 on 20 June 2021
4.0 out of 5 stars,RAJIV SETH,https://www.amazon.in/gp/customer-reviews/RR4NND7D31UE/ref=cm_cr_getr_d_rvw_ttl?ie=UTF8&ASIN=B078KT9RB1, Pure & nice,"Overall, nice product.",,https://images-na.ssl-images-amazon.com/images/G/01/x-locale/common/grey-pixel.gif,Reviewed in India 🇮🇳 on 27 June 2021
4.0 out of 5 stars,JETANDER KUMAR GERA,https://www.amazon.in/gp/customer-reviews/R23TGUNX9H1AU7/ref=cm_cr_getr_d_rvw_ttl?ie=UTF8&ASIN=B078KT9RB1, Like it,Goo I like it,,https://images-na.ssl-images-amazon.com/images/G/01/x-locale/common/grey-pixel.gif,Reviewed in India 🇮🇳 on 29 May 2021
4.0 out of 5 stars,Nitin Kotian,https://www.amazon.in/gp/customer-reviews/R1DDR0TRKEMRRP/ref=cm_cr_getr_d_rvw_ttl?ie=UTF8&ASIN=B078KT9RB1, quality product,quality product,,https://images-na.ssl-images-amazon.com/images/G/01/x-locale/common/grey-pixel.gif,Reviewed in India 🇮🇳 on 14 May 2021
4.0 out of 5 stars,Partho De,https://www.amazon.in/gp/customer-reviews/RROG9UVEO8UTH/ref=cm_cr_getr_d_rvw_ttl?ie=UTF8&ASIN=B078KT9RB1, Good.,It's ok.,,https://images-na.ssl-images-amazon.com/images/G/01/x-locale/common/grey-pixel.gif,Reviewed in India 🇮🇳 on 20 May 2021
5.0 out of 5 stars,Manasi misra,https://www.amazon.in/gp/customer-reviews/RDN9L9RHTZ6YX/ref=cm_cr_getr_d_rvw_ttl?ie=UTF8&ASIN=B078KT9RB1, Followed covid guidelines and fresh products delivered.,I got the fresh panner and time of delivery is perfect. The delivery person was well followed the covid guidelines. Came with mask and gloves and delivered the product safely.,,"https://images-eu.ssl-images-amazon.com/images/S/amazon-avatars-global/default._CR0,0,1024,1024_SX48_.png",Reviewed in India 🇮🇳 on 8 April 2021
5.0 out of 5 stars,Sana,https://www.amazon.in/gp/customer-reviews/R2AQ1M267K5J0Z/ref=cm_cr_getr_d_rvw_ttl?ie=UTF8&ASIN=B078KT9RB1, Best quality,While buying I thought it will b frozen bt i gt it super fresh which i can store upto month really like the quality,,"https://images-eu.ssl-images-amazon.com/images/S/amazon-avatars-global/default._CR0,0,1024,1024_SX48_.png",Reviewed in India 🇮🇳 on 26 June 2021
5.0 out of 5 stars,Sarita bahal,https://www.amazon.in/gp/customer-reviews/R3RWH3QR325G83/ref=cm_cr_getr_d_rvw_ttl?ie=UTF8&ASIN=B078KT9RB1, Good,Like,,"https://images-eu.ssl-images-amazon.com/images/S/amazon-avatars-global/default._CR0,0,1024,1024_SX48_.png",Reviewed in India 🇮🇳 on 8 January 2022
2.0 out of 5 stars,Amit W.,https://www.amazon.in/gp/customer-reviews/R3TCPPW3KQ9FQD/ref=cm_cr_getr_d_rvw_ttl?ie=UTF8&ASIN=B078KT9RB1, Less Discount,Less Discount,,"https://images-eu.ssl-images-amazon.com/images/S/amazon-avatars-global/default._CR0,0,1024,1024_SX48_.png",Reviewed in India 🇮🇳 on 7 June 2022
5.0 out of 5 stars,Arushi,https://www.amazon.in/gp/customer-reviews/R13TN8THTNX4KB/ref=cm_cr_getr_d_rvw_ttl?ie=UTF8&ASIN=B078KT9RB1, Amul name is enough,"No need to give review for paneer as brand name is enough.
I use only this brand for paneer. Very soft",,"https://images-eu.ssl-images-amazon.com/images/S/amazon-avatars-global/default._CR0,0,1024,1024_SX48_.png",Reviewed in India 🇮🇳 on 18 June 2021
1.0 out of 5 stars,Amazon customer,https://www.amazon.in/gp/customer-reviews/R18WX7MEABOJ7P/ref=cm_cr_getr_d_rvw_ttl?ie=UTF8&ASIN=B078KT9RB1, Malodour and rotten.,Item thrown to dustbin 🗑.,,"https://images-eu.ssl-images-amazon.com/images/S/amazon-avatars-global/default._CR0,0,1024,1024_SX48_.png",Reviewed in India 🇮🇳 on 24 November 2022
4.0 out of 5 stars,Bimla a.,https://www.amazon.in/gp/customer-reviews/R2N66I0YJLN6HD/ref=cm_cr_getr_d_rvw_ttl?ie=UTF8&ASIN=B078KT9RB1, Good,Product was too good I really like,,https://images-na.ssl-images-amazon.com/images/G/01/x-locale/common/grey-pixel.gif,Reviewed in India 🇮🇳 on 28 September 2020
4.0 out of 5 stars,satish jadhav,https://www.amazon.in/gp/customer-reviews/RBTCXSNW7QYBU/ref=cm_cr_getr_d_rvw_ttl?ie=UTF8&ASIN=B078KT9RB1, Good,Good,,https://images-na.ssl-images-amazon.com/images/G/01/x-locale/common/grey-pixel.gif,Reviewed in India 🇮🇳 on 24 January 2021
4.0 out of 5 stars,Nirmala s.,https://www.amazon.in/gp/customer-reviews/R31T0UV8E3CSVQ/ref=cm_cr_getr_d_rvw_ttl?ie=UTF8&ASIN=B078KT9RB1, Amul fresh paneer.,Good product of paneer.soft& value for money.,,https://images-na.ssl-images-amazon.com/images/G/01/x-locale/common/grey-pixel.gif,Reviewed in India 🇮🇳 on 26 July 2020
3.0 out of 5 stars,Amazon Customer,https://www.amazon.in/gp/customer-reviews/R3LWI8YM5ODPLM/ref=cm_cr_getr_d_rvw_ttl?ie=UTF8&ASIN=B078KT9RB1, Good,Value for your money,,https://images-na.ssl-images-amazon.com/images/G/01/x-locale/common/grey-pixel.gif,Reviewed in India 🇮🇳 on 8 August 2021
