Star-rating,Name,Reviewer Profile Url,Review Title,Review Content,images,profile icon,Date,helpful,verified,variant
4.0 out of 5 stars,Pooja,https://www.amazon.in/gp/customer-reviews/R1SHAPSK2CX6CZ/ref=cm_cr_arp_d_rvw_ttl?ie=UTF8&ASIN=B07RDPN47J, Nice,Nice. But one slice had fungus on it.,,"https://images-eu.ssl-images-amazon.com/images/S/amazon-avatars-global/default._CR0,0,1024,1024_SX48_.png",Reviewed in India on 28 March 2023,0,Verified Purchase,
5.0 out of 5 stars,Michelle D’souza,https://www.amazon.in/gp/customer-reviews/RMENJ87ZZZREW/ref=cm_cr_arp_d_rvw_ttl?ie=UTF8&ASIN=B07RDPN47J, Super healthy bread,Tried this bread for the first time and it was great. Feels good to know that we are consuming a healthy bread.,,"https://images-eu.ssl-images-amazon.com/images/S/amazon-avatars-global/default._CR0,0,1024,1024_SX48_.png",Reviewed in India on 6 March 2023,0,Verified Purchase,
1.0 out of 5 stars,PS,https://www.amazon.in/gp/customer-reviews/R3KJAVWZ0UL6WA/ref=cm_cr_arp_d_rvw_ttl?ie=UTF8&ASIN=B07RDPN47J, Disappointed.,There was some blue coloured plastic like thing in the slice.Not going to order this Ragi loaf again.,,"https://images-eu.ssl-images-amazon.com/images/S/amazon-avatars-global/default._CR0,0,1024,1024_SX48_.png",Reviewed in India on 8 April 2023,0,Verified Purchase,
5.0 out of 5 stars,CDC,https://www.amazon.in/gp/customer-reviews/RPZU97SQA2NUY/ref=cm_cr_arp_d_rvw_ttl?ie=UTF8&ASIN=B07RDPN47J, Great Ragi bread but dont buy the miltigrain bread,"This is a nice bread. Its tough not soft as its supposed to be. Very filling. Once this was not available and i bought the multigrain bread. BIG MISTAKE. It was terrible, it felt like i was eating glue. Amazon wont let me write a review coz i gave it one star.
Ragi bread is great..... Miltigrain bread is horrible",,"https://images-eu.ssl-images-amazon.com/images/S/amazon-avatars-global/default._CR0,0,1024,1024_SX48_.png",Reviewed in India on 22 August 2022,0,Verified Purchase,
3.0 out of 5 stars,Amazon Customer,https://www.amazon.in/gp/customer-reviews/R27CAE04W2HLEN/ref=cm_cr_arp_d_rvw_ttl?ie=UTF8&ASIN=B07RDPN47J, Size smaller than expected,Product OK. Packaging is bad. Hard to store after opening.,,"https://images-eu.ssl-images-amazon.com/images/S/amazon-avatars-global/default._CR0,0,1024,1024_SX48_.png",Reviewed in India on 16 May 2022,0,Verified Purchase,
3.0 out of 5 stars,Suhasini,https://www.amazon.in/gp/customer-reviews/R1UMRXO2LSMUR5/ref=cm_cr_arp_d_rvw_ttl?ie=UTF8&ASIN=B07RDPN47J, Misleading name. This is a Ragi + Wheat loaf,"I wish sellers would describe their products accurately. While the seller does show the ingredients, the main image does not mention the wheat. The bread I received was not very soft, I don't know if this is because of the ragi or because it was not fresh. Otherwise, the taste was fine, and the bread was well sized. The product may not have preservatives per se, but does use flour strengtheners (seller does not mention which one) which can be chemicals such as bromate.",,"https://images-eu.ssl-images-amazon.com/images/S/amazon-avatars-global/default._CR0,0,1024,1024_SX48_.png",Reviewed in India on 9 October 2020,9 people found this helpful,Verified Purchase,
5.0 out of 5 stars,SS,https://www.amazon.in/gp/customer-reviews/R3VWCMNFYXL44X/ref=cm_cr_arp_d_rvw_ttl?ie=UTF8&ASIN=B07RDPN47J," No maida, freshly made, smaller pack for the win - healthy! :)",Genuine ragi loaf with a l'il bit of atta (whole wheat flour). It has very few stabilizers/ additives. It isn't the softest but tastes great. I'm so glad that they make smaller packs for smaller families coz we can now have it when it's fresh & don't have the compulsion to finish it soon. I've repurchased this multiple times.,,https://images-na.ssl-images-amazon.com/images/G/01/x-locale/common/grey-pixel.gif,Reviewed in India on 4 June 2021,0,Verified Purchase,
2.0 out of 5 stars,priti,https://www.amazon.in/gp/customer-reviews/R3411GE450JG7B/ref=cm_cr_arp_d_rvw_ttl?ie=UTF8&ASIN=B07RDPN47J, Too hard,Too hard .. din like the taste,,https://images-na.ssl-images-amazon.com/images/G/01/x-locale/common/grey-pixel.gif,Reviewed in India on 19 August 2022,0,Verified Purchase,
4.0 out of 5 stars,Harmeet Kaur,https://www.amazon.in/gp/customer-reviews/R1A36VV6PFW4AE/ref=cm_cr_arp_d_rvw_ttl?ie=UTF8&ASIN=B07RDPN47J, Nice,"A little hard , but still nice. Fills you till lunch 😊",,https://images-na.ssl-images-amazon.com/images/G/01/x-locale/common/grey-pixel.gif,Reviewed in India on 28 February 2021,0,Verified Purchase,
3.0 out of 5 stars,AxK,https://www.amazon.in/gp/customer-reviews/R2I2SVE93JCM43/ref=cm_cr_arp_d_rvw_ttl?ie=UTF8&ASIN=B07RDPN47J, Wheat Bread with small amount of Ragi,It's Wheat Bread with small amount of Ragi. Good quality but Expensive.,,https://images-na.ssl-images-amazon.com/images/G/01/x-locale/common/grey-pixel.gif,Reviewed in India on 29 April 2021,0,Verified Purchase,
1.0 out of 5 stars,Prakash Subedi,https://www.amazon.in/gp/customer-reviews/R3V6TJLJ0N85GF/ref=cm_cr_getr_d_rvw_ttl?ie=UTF8&ASIN=B07RDPN47J, 6% Ragi in Ragri bread.,"For a 6% ragi, it is called ragi bread??? You might as well call it sugar bread, I'm sure sugar or other few ingredients can be higher than 6%. Very cunningly they have not mentioned % of other ingredients. I felt cheated. Though its taste nice, but not worth Rs. 55 no value for money.",,"https://images-eu.ssl-images-amazon.com/images/S/amazon-avatars-global/default._CR0,0,1024,1024_SX48_.png",Reviewed in India on 29 May 2022,0,Verified Purchase,
5.0 out of 5 stars,Nivedita Narjinari,https://www.amazon.in/gp/customer-reviews/R11G1TZC23DNS6/ref=cm_cr_getr_d_rvw_ttl?ie=UTF8&ASIN=B07RDPN47J, Very good and healthy.,I loved this. I have removed gluten from my diet and this was a great option.,,"https://images-eu.ssl-images-amazon.com/images/S/amazon-avatars-global/default._CR0,0,1024,1024_SX48_.png",Reviewed in India on 16 April 2021,0,Verified Purchase,
5.0 out of 5 stars,A. D.,https://www.amazon.in/gp/customer-reviews/R1JX53F01HXN2Z/ref=cm_cr_getr_d_rvw_ttl?ie=UTF8&ASIN=B07RDPN47J, Very good,Non glutonous and filling. Has nutritional benefit. Will consume regularly.,,"https://images-eu.ssl-images-amazon.com/images/S/amazon-avatars-global/default._CR0,0,1024,1024_SX48_.png",Reviewed in India on 17 February 2021,0,Verified Purchase,
2.0 out of 5 stars,Cassi Dsouza,https://www.amazon.in/gp/customer-reviews/R3D6TES6SO0DO6/ref=cm_cr_getr_d_rvw_ttl?ie=UTF8&ASIN=B07RDPN47J, Mixed Maida with Ragi,it has maida or wheat flour mixed in it. So the name itself is misleading,,"https://images-eu.ssl-images-amazon.com/images/S/amazon-avatars-global/default._CR0,0,1024,1024_SX48_.png",Reviewed in India on 5 May 2021,0,Verified Purchase,
4.0 out of 5 stars,Batman,https://www.amazon.in/gp/customer-reviews/R85SYYM5F0493/ref=cm_cr_getr_d_rvw_ttl?ie=UTF8&ASIN=B07RDPN47J, nice,good,,"https://images-eu.ssl-images-amazon.com/images/S/amazon-avatars-global/default._CR0,0,1024,1024_SX48_.png",Reviewed in India on 20 January 2020,0,Verified Purchase,
1.0 out of 5 stars,Ashok,https://www.amazon.in/gp/customer-reviews/RW6S8A388SVW0/ref=cm_cr_getr_d_rvw_ttl?ie=UTF8&ASIN=B07RDPN47J, Not good in taste and cost is too high,This product taste is not good...too chewy to eat.. also with just 6% raagi... you can’t really call it a Ragi Bread...will try other brands next time .,,"https://images-eu.ssl-images-amazon.com/images/S/amazon-avatars-global/default._CR0,0,1024,1024_SX48_.png",Reviewed in India on 7 May 2021,0,Verified Purchase,
1.0 out of 5 stars,Amazon Customer,https://www.amazon.in/gp/customer-reviews/R17XMUQE2BPSIS/ref=cm_cr_getr_d_rvw_ttl?ie=UTF8&ASIN=B07RDPN47J, It’s not really a raagi bread it contains 94% whole wheat,This product is a sham! It’s basically a whole wheat bread with 6% raagi... you can’t really call it a Ragi Bread!,,https://images-na.ssl-images-amazon.com/images/G/01/x-locale/common/grey-pixel.gif,Reviewed in India on 28 April 2021,9 people found this helpful,Verified Purchase,
1.0 out of 5 stars,Jay S,https://www.amazon.in/gp/customer-reviews/R30RZYHX04U6WF/ref=cm_cr_getr_d_rvw_ttl?ie=UTF8&ASIN=B07RDPN47J, Substandard quality product.,"The bread slices were not fresh at all and so hard that while eating it was falling apart in multiple pieces like bread crumbs.

There is no negative rating, else i would have given that to such a substandard product.",,https://images-na.ssl-images-amazon.com/images/G/01/x-locale/common/grey-pixel.gif,Reviewed in India on 18 December 2019,0,Verified Purchase,
5.0 out of 5 stars,Savita Thukral,https://www.amazon.in/gp/customer-reviews/R32L8ZELTJT3SQ/ref=cm_cr_getr_d_rvw_ttl?ie=UTF8&ASIN=B07RDPN47J, Must try once,Great taste,,https://images-na.ssl-images-amazon.com/images/G/01/x-locale/common/grey-pixel.gif,Reviewed in India on 6 March 2020,0,Verified Purchase,
1.0 out of 5 stars,sheeru singhal,https://www.amazon.in/gp/customer-reviews/R266AE4XUDHPR7/ref=cm_cr_getr_d_rvw_ttl?ie=UTF8&ASIN=B07RDPN47J, Bread is very dry,It’s very dry.,,https://images-na.ssl-images-amazon.com/images/G/01/x-locale/common/grey-pixel.gif,Reviewed in India on 27 April 2021,0,Verified Purchase,
1.0 out of 5 stars,Amazon Customer,https://www.amazon.in/gp/customer-reviews/R2HZQ2RN2VZ2AR/ref=cm_cr_getr_d_rvw_ttl?ie=UTF8&ASIN=B07RDPN47J, Dry bread,Dry bread,,"https://images-eu.ssl-images-amazon.com/images/S/amazon-avatars-global/default._CR0,0,1024,1024_SX48_.png",Reviewed in India on 22 March 2021,0,Verified Purchase,
1.0 out of 5 stars,P Bisht Noida,https://www.amazon.in/gp/customer-reviews/R2BHDHHKYG1AZ7/ref=cm_cr_getr_d_rvw_ttl?ie=UTF8&ASIN=B07RDPN47J, Gluten bread,"It is clearly written, it has wheat flour and also written tht it has gluten content. Misleading title of product.",,"https://images-eu.ssl-images-amazon.com/images/S/amazon-avatars-global/default._CR0,0,1024,1024_SX48_.png",Reviewed in India on 13 April 2022,0,,
5.0 out of 5 stars,A Millenials Review,https://www.amazon.in/gp/customer-reviews/R2X2ESX2XDRFHB/ref=cm_cr_getr_d_rvw_ttl?ie=UTF8&ASIN=B07RDPN47J, Superbo!,"Love the bread, love it's size, flavour and health factor. Price 45 is justified.

Edit: I found a hair once in a bread",,"https://images-eu.ssl-images-amazon.com/images/S/amazon-avatars-global/55a749c0-d079-49d0-bf36-c14a13c58a02._CR0,44.0,244,244_SX48_.jpg",Reviewed in India on 6 August 2021,0,Verified Purchase,
5.0 out of 5 stars,Emerald,https://www.amazon.in/gp/customer-reviews/R12ADBYI5U4I33/ref=cm_cr_getr_d_rvw_ttl?ie=UTF8&ASIN=B07RDPN47J, Loved it!,Loved it! Really good alternative to store brought preservative bread.,,"https://images-eu.ssl-images-amazon.com/images/S/amazon-avatars-global/default._CR0,0,1024,1024_SX48_.png",Reviewed in India on 12 September 2020,0,Verified Purchase,
