Star-rating,Name,Reviewer Profile Url,Review Title,Review Content,images,profile icon,Date,helpful,verified,variant
4.0 out of 5 stars,Rasika,https://www.amazon.in/gp/customer-reviews/RIH5LZDXI2YGZ/ref=cm_cr_arp_d_rvw_ttl?ie=UTF8&ASIN=B083F7JCH1, Fresh and packed well.,Always comes with a good packaging and quality.,,"https://images-eu.ssl-images-amazon.com/images/S/amazon-avatars-global/default._CR0,0,1024,1024_SX48_.png",Reviewed in India 🇮🇳 on 30 March 2023,One person found this helpful,Verified Purchase,Flavour Name: WheatPattern Name: Sandwich Bread
3.0 out of 5 stars,Tejas Dere,https://www.amazon.in/gp/customer-reviews/R16OGC0GZ7B7EP/ref=cm_cr_arp_d_rvw_ttl?ie=UTF8&ASIN=B083F7JCH1, Product,Product,,"https://images-eu.ssl-images-amazon.com/images/S/amazon-avatars-global/default._CR0,0,1024,1024_SX48_.png",Reviewed in India 🇮🇳 on 13 April 2023,0,Verified Purchase,Flavour Name: WheatPattern Name: Sandwich Bread
3.0 out of 5 stars,Yogesh,https://www.amazon.in/gp/customer-reviews/R36P3147P4HSBG/ref=cm_cr_arp_d_rvw_ttl?ie=UTF8&ASIN=B083F7JCH1, Good one,Good product for the price. Delivered fresh and on time.,,"https://images-eu.ssl-images-amazon.com/images/S/amazon-avatars-global/default._CR0,0,1024,1024_SX48_.png",Reviewed in India 🇮🇳 on 30 March 2023,0,Verified Purchase,Flavour Name: WheatPattern Name: Sandwich Bread
4.0 out of 5 stars,Lata Venkat,https://www.amazon.in/gp/customer-reviews/R1AS12AIBAZ61N/ref=cm_cr_arp_d_rvw_ttl?ie=UTF8&ASIN=B083F7JCH1, Super soft and nice,Flavour and softness of bread is very good and fresh,,"https://images-eu.ssl-images-amazon.com/images/S/amazon-avatars-global/default._CR0,0,1024,1024_SX48_.png",Reviewed in India 🇮🇳 on 7 January 2023,0,Verified Purchase,Flavour Name: WheatPattern Name: Sandwich Bread
4.0 out of 5 stars,pushkaraj,https://www.amazon.in/gp/customer-reviews/R2NVUNFBA3S1BG/ref=cm_cr_arp_d_rvw_ttl?ie=UTF8&ASIN=B083F7JCH1, Good product,Good quality and better from other products in a market...,,https://images-na.ssl-images-amazon.com/images/G/01/x-locale/common/grey-pixel.gif,Reviewed in India 🇮🇳 on 8 November 2022,0,Verified Purchase,Flavour Name: WheatPattern Name: Sandwich Bread
5.0 out of 5 stars,Maryam,https://www.amazon.in/gp/customer-reviews/R1E2MA0R6OOZ0O/ref=cm_cr_arp_d_rvw_ttl?ie=UTF8&ASIN=B083F7JCH1, Good,Good,,https://images-na.ssl-images-amazon.com/images/G/01/x-locale/common/grey-pixel.gif,Reviewed in India 🇮🇳 on 16 February 2023,0,Verified Purchase,Flavour Name: WheatPattern Name: Sandwich Bread
5.0 out of 5 stars,Madhavi badlani,https://www.amazon.in/gp/customer-reviews/ROL8727NY4J54/ref=cm_cr_arp_d_rvw_ttl?ie=UTF8&ASIN=B083F7JCH1, Healthy,This bread is very nice to eat nutritious and healthy,,https://images-na.ssl-images-amazon.com/images/G/01/x-locale/common/grey-pixel.gif,Reviewed in India 🇮🇳 on 4 February 2023,0,Verified Purchase,Flavour Name: WheatPattern Name: Sandwich Bread
4.0 out of 5 stars,Amazon Customer,https://www.amazon.in/gp/customer-reviews/R1ZAF3TZQEYCV0/ref=cm_cr_arp_d_rvw_ttl?ie=UTF8&ASIN=B083F7JCH1, Promotions need to improve Jio Mart best,Jio Mart rates are much more competitive,,https://images-na.ssl-images-amazon.com/images/G/01/x-locale/common/grey-pixel.gif,Reviewed in India 🇮🇳 on 19 August 2022,0,Verified Purchase,Flavour Name: WheatPattern Name: Sandwich Bread
5.0 out of 5 stars,Amar W,https://www.amazon.in/gp/customer-reviews/R32LFZNOACTZY9/ref=cm_cr_arp_d_rvw_ttl?ie=UTF8&ASIN=B083F7JCH1, value for money,value for money and good quality,,https://images-na.ssl-images-amazon.com/images/G/01/x-locale/common/grey-pixel.gif,Reviewed in India 🇮🇳 on 27 November 2022,0,Verified Purchase,Flavour Name: WheatPattern Name: Sandwich Bread
4.0 out of 5 stars,Amazon Customer,https://www.amazon.in/gp/customer-reviews/R2J6D7Y8TT7ILK/ref=cm_cr_arp_d_rvw_ttl?ie=UTF8&ASIN=B083F7JCH1, Good product,Good product,,https://images-na.ssl-images-amazon.com/images/G/01/x-locale/common/grey-pixel.gif,Reviewed in India 🇮🇳 on 23 July 2022,0,Verified Purchase,Flavour Name: WheatPattern Name: Sandwich Bread
2.0 out of 5 stars,Vivek kumar,https://www.amazon.in/gp/customer-reviews/R1O482E2ZB0YPZ/ref=cm_cr_getr_d_rvw_ttl?ie=UTF8&ASIN=B083F7JCH1, Average product,Average,,"https://images-eu.ssl-images-amazon.com/images/S/amazon-avatars-global/default._CR0,0,1024,1024_SX48_.png",Reviewed in India 🇮🇳 on 26 November 2022,0,Verified Purchase,Flavour Name: WheatPattern Name: Sandwich Bread
1.0 out of 5 stars,Deepak Jawake,https://www.amazon.in/gp/customer-reviews/R2J980F0YJFHVU/ref=cm_cr_getr_d_rvw_ttl?ie=UTF8&ASIN=B083F7JCH1, Amazon not fresh,"Play Video
 The bread delivered has fungus all over. Seems eighter stored in unhealthy condition or delivered old rotten bread. On 20th December the delivered bread has 'use by 16th December' printed. There is no quality check or monitoring. By mistake if anyone would have eaten this will amazon take responsibility of anything happens to that person?","https://m.media-amazon.com/images/I/61BOa4qLrbL.88.jpg  
","https://images-eu.ssl-images-amazon.com/images/S/amazon-avatars-global/default._CR0,0,1024,1024_SX48_.png",Reviewed in India 🇮🇳 on 20 December 2022,One person found this helpful,Verified Purchase,Flavour Name: WheatPattern Name: Sandwich Bread
5.0 out of 5 stars,JSPL,https://www.amazon.in/gp/customer-reviews/R30VQEQOXYPNQ1/ref=cm_cr_getr_d_rvw_ttl?ie=UTF8&ASIN=B083F7JCH1, Excellent soft bread in excellent packaging,"Very nice bread, soft and tasty. The packing plastic used is also very good. Burger Buns and Pizza base also very nice. Good change from the regular available.",,"https://images-eu.ssl-images-amazon.com/images/S/amazon-avatars-global/default._CR0,0,1024,1024_SX48_.png",Reviewed in India 🇮🇳 on 1 May 2022,0,Verified Purchase,Flavour Name: WheatPattern Name: Sandwich Bread
3.0 out of 5 stars,RAF.,https://www.amazon.in/gp/customer-reviews/R28N3C6FFEZ9C8/ref=cm_cr_getr_d_rvw_ttl?ie=UTF8&ASIN=B083F7JCH1, Fresh bread but poor packing for delivery.,"Bread itself is amazing in taste ... very fresh but very disappointed with the packaging. Although the paper bag it was delivered in was labelled as fragile, the bread was completely crushed & de shaped by other item kept on top of it ... packers need to be thought correct way of packing items.",,"https://images-eu.ssl-images-amazon.com/images/S/amazon-avatars-global/default._CR0,0,1024,1024_SX48_.png",Reviewed in India 🇮🇳 on 24 December 2020,0,Verified Purchase,Flavour Name: WheatPattern Name: Sandwich Bread
5.0 out of 5 stars,KANCHAN Govind yerandekar,https://www.amazon.in/gp/customer-reviews/R2AUOSJA1NH1T6/ref=cm_cr_getr_d_rvw_ttl?ie=UTF8&ASIN=B083F7JCH1, It is one of the best bread and I have relished it,For preparing sandwiches,,https://images-na.ssl-images-amazon.com/images/G/01/x-locale/common/grey-pixel.gif,Reviewed in India 🇮🇳 on 7 July 2022,0,Verified Purchase,Flavour Name: WheatPattern Name: Sandwich Bread
5.0 out of 5 stars,Anuj Aggarwal,https://www.amazon.in/gp/customer-reviews/REU55AEM8UD35/ref=cm_cr_getr_d_rvw_ttl?ie=UTF8&ASIN=B083F7JCH1, Very good and soft bread,Very nice,,https://images-na.ssl-images-amazon.com/images/G/01/x-locale/common/grey-pixel.gif,Reviewed in India 🇮🇳 on 2 July 2022,0,Verified Purchase,Flavour Name: WheatPattern Name: Sandwich Bread
4.0 out of 5 stars,Nash,https://www.amazon.in/gp/customer-reviews/RHJI0AVTR2P8Z/ref=cm_cr_getr_d_rvw_ttl?ie=UTF8&ASIN=B083F7JCH1, English oven sandwich bread,"Fresh, tasty.",,https://images-na.ssl-images-amazon.com/images/G/01/x-locale/common/grey-pixel.gif,Reviewed in India 🇮🇳 on 20 May 2021,0,Verified Purchase,Flavour Name: WheatPattern Name: Sandwich Bread
5.0 out of 5 stars,Dhaval,https://www.amazon.in/gp/customer-reviews/R1OJ2XUFCE3NIV/ref=cm_cr_getr_d_rvw_ttl?ie=UTF8&ASIN=B083F7JCH1, Excellent Bread,"Had never heard of this brand before the lockdown. It's actually different from all the others in the market. Wasn't too sure because the price was lower than standard but the flavor was above the others. Enjoyed a peanut butter jelly sandwich along with some Indian sandwiches, as well. BREAD!",,https://images-na.ssl-images-amazon.com/images/G/01/x-locale/common/grey-pixel.gif,Reviewed in India 🇮🇳 on 15 June 2020,5 people found this helpful,Verified Purchase,Flavour Name: WheatPattern Name: Sandwich Bread
1.0 out of 5 stars,Syed Abulfazl,https://www.amazon.in/gp/customer-reviews/R43WSHNNOGFX2/ref=cm_cr_getr_d_rvw_ttl?ie=UTF8&ASIN=B083F7JCH1, Bread should be soft n easily chewable,Did not like it. Had it with butter n jam.,,https://images-na.ssl-images-amazon.com/images/G/01/x-locale/common/grey-pixel.gif,Reviewed in India 🇮🇳 on 10 November 2022,0,Verified Purchase,Flavour Name: WheatPattern Name: Sandwich Bread
3.0 out of 5 stars,Prashant Sadbhaiya,https://www.amazon.in/gp/customer-reviews/R3NWSK5YHQFR06/ref=cm_cr_getr_d_rvw_ttl?ie=UTF8&ASIN=B083F7JCH1, Improve the thickness and the size.,Too thin and small compared to other breds in the same category.,,https://images-na.ssl-images-amazon.com/images/G/01/x-locale/common/grey-pixel.gif,Reviewed in India 🇮🇳 on 20 March 2021,0,Verified Purchase,Flavour Name: WheatPattern Name: Sandwich Bread
5.0 out of 5 stars,J,https://www.amazon.in/gp/customer-reviews/R3H2BSADORDSYR/ref=cm_cr_getr_d_rvw_ttl?ie=UTF8&ASIN=B083F7JCH1, Kudos Amazon,"Love Amazon for making things available which we might not find in the market.... My orders were always delivered freshness intact, can't thank enough for that. This bread is slight dense then the other brands, yet tastes the same. Hence, bread is as it should be.","https://images-na.ssl-images-amazon.com/images/I/71Bf1H+-IiL.88.jpg  
https://images-na.ssl-images-amazon.com/images/I/71yZ5F2pnCL.88.jpg  
","https://images-eu.ssl-images-amazon.com/images/S/amazon-avatars-global/default._CR0,0,1024,1024_SX48_.png",Reviewed in India 🇮🇳 on 27 May 2020,5 people found this helpful,Verified Purchase,Flavour Name: WheatPattern Name: Sandwich Bread
3.0 out of 5 stars,Swati,https://www.amazon.in/gp/customer-reviews/R39GDDKZQMAI9Z/ref=cm_cr_getr_d_rvw_ttl?ie=UTF8&ASIN=B083F7JCH1, Good bread. Bad packaging.,Bread is very good quality. My parent love the bead. Packing was bad. Pack was open and bread broken.,,"https://images-eu.ssl-images-amazon.com/images/S/amazon-avatars-global/default._CR0,0,1024,1024_SX48_.png",Reviewed in India 🇮🇳 on 15 September 2020,0,Verified Purchase,Flavour Name: WheatPattern Name: Sandwich Bread
5.0 out of 5 stars,james alvares,https://www.amazon.in/gp/customer-reviews/R1903OFBRPC5G/ref=cm_cr_getr_d_rvw_ttl?ie=UTF8&ASIN=B083F7JCH1, Always good,"Always good because yah khana hai,, ise bura nahi bol sakte hain",,"https://images-eu.ssl-images-amazon.com/images/S/amazon-avatars-global/0e3a26b6-72de-4c76-a54c-85f337588b5e._CR0,0,392,392_SX48_.jpg",Reviewed in India 🇮🇳 on 27 July 2021,0,Verified Purchase,Flavour Name: WheatPattern Name: Sandwich Bread
5.0 out of 5 stars,P Joshi,https://www.amazon.in/gp/customer-reviews/R25WG6TEJXKJFM/ref=cm_cr_getr_d_rvw_ttl?ie=UTF8&ASIN=B083F7JCH1, Good quality,Good quality and soft product.But Amazon Fresh delivers a day old stock instead of fresh one,,"https://images-eu.ssl-images-amazon.com/images/S/amazon-avatars-global/default._CR0,0,1024,1024_SX48_.png",Reviewed in India 🇮🇳 on 16 April 2021,0,Verified Purchase,Flavour Name: WheatPattern Name: Sandwich Bread
1.0 out of 5 stars,Nirmalkant,https://www.amazon.in/gp/customer-reviews/R2HFSVYE6Q0QGP/ref=cm_cr_getr_d_rvw_ttl?ie=UTF8&ASIN=B083F7JCH1, Expiry date issue,When you order bread online . Expiry date is not longer than 2 days.,,"https://images-eu.ssl-images-amazon.com/images/S/amazon-avatars-global/default._CR0,0,1024,1024_SX48_.png",Reviewed in India 🇮🇳 on 27 August 2022,0,Verified Purchase,Flavour Name: WheatPattern Name: Sandwich Bread
5.0 out of 5 stars,Rachna,https://www.amazon.in/gp/customer-reviews/R3OO85YHYUFGIS/ref=cm_cr_getr_d_rvw_ttl?ie=UTF8&ASIN=B083F7JCH1, Extremely soft and delicious,It's perfect for raw sandwiches! Soft and flavourful.,,https://images-na.ssl-images-amazon.com/images/G/01/x-locale/common/grey-pixel.gif,Reviewed in India 🇮🇳 on 28 May 2021,0,Verified Purchase,Flavour Name: WheatPattern Name: Sandwich Bread
5.0 out of 5 stars,Ehthishamulhaq,https://www.amazon.in/gp/customer-reviews/RCZSEKO01WASU/ref=cm_cr_getr_d_rvw_ttl?ie=UTF8&ASIN=B083F7JCH1, A suggestion,"Only thing is , i suggest amazon not to put weight over the bread while delivery because the bread gets crushed",,https://images-na.ssl-images-amazon.com/images/G/01/x-locale/common/grey-pixel.gif,Reviewed in India 🇮🇳 on 13 August 2020,0,Verified Purchase,Flavour Name: WheatPattern Name: Sandwich Bread
2.0 out of 5 stars,charu,https://www.amazon.in/gp/customer-reviews/R11R66DPLBH9DI/ref=cm_cr_getr_d_rvw_ttl?ie=UTF8&ASIN=B083F7JCH1, Very thin slice n slightly sweet in taste...needs little improvement ..,It tastes little sweet...please improve upon its taste....a little more sweet and it would taste like sweet bread... Slices too thin ... difficult to mk sandwich...when we apply chutney or butter most of the times the slice breaks,,https://images-na.ssl-images-amazon.com/images/G/01/x-locale/common/grey-pixel.gif,Reviewed in India 🇮🇳 on 5 November 2020,0,Verified Purchase,Flavour Name: WheatPattern Name: Sandwich Bread
2.0 out of 5 stars,Madhavee,https://www.amazon.in/gp/customer-reviews/R122GBAB0XOEQT/ref=cm_cr_getr_d_rvw_ttl?ie=UTF8&ASIN=B083F7JCH1, Open package..that too downward facing... All the bread slices came out of it...,"Package was completely open and all the bread slices had came out in the outer package of vegetables... Very disappointed.. no seal ... Though the bread was good.. it was all open...
And No concession on mrp... Same price..better to take in local shop",,https://images-na.ssl-images-amazon.com/images/G/01/x-locale/common/grey-pixel.gif,Reviewed in India 🇮🇳 on 27 June 2020,7 people found this helpful,Verified Purchase,Flavour Name: WheatPattern Name: Sandwich Bread
5.0 out of 5 stars,SHRUTI,https://www.amazon.in/gp/customer-reviews/R1VN5JALVUDBCP/ref=cm_cr_getr_d_rvw_ttl?ie=UTF8&ASIN=B083F7JCH1, Good quality bread,Very nice bread. From packaging to softness to taste everything about this bread is perfect. Loved it.,,https://images-na.ssl-images-amazon.com/images/G/01/x-locale/common/grey-pixel.gif,Reviewed in India 🇮🇳 on 31 July 2020,One person found this helpful,Verified Purchase,Flavour Name: WheatPattern Name: Sandwich Bread
5.0 out of 5 stars,Minal Kulkarni,https://www.amazon.in/gp/customer-reviews/R1JSV7K1OSSS15/ref=cm_cr_getr_d_rvw_ttl?ie=UTF8&ASIN=B083F7JCH1, Pack was torn !,The bread was really nice but the packet was torn and the slices had fallen out.,,"https://images-eu.ssl-images-amazon.com/images/S/amazon-avatars-global/default._CR0,0,1024,1024_SX48_.png",Reviewed in India 🇮🇳 on 28 July 2020,One person found this helpful,Verified Purchase,Flavour Name: WheatPattern Name: Sandwich Bread
5.0 out of 5 stars,Supreeta,https://www.amazon.in/gp/customer-reviews/RRL329D75519G/ref=cm_cr_getr_d_rvw_ttl?ie=UTF8&ASIN=B083F7JCH1, Good quality bread,A soft and fresh bread has been received everytime that I have ordered. Thanks to Amazon.,,"https://images-eu.ssl-images-amazon.com/images/S/amazon-avatars-global/74b69074-0e81-4446-9901-be3b2e67a9c8._CR0,0,2048,2048_SX48_.jpg",Reviewed in India 🇮🇳 on 10 July 2020,One person found this helpful,Verified Purchase,Flavour Name: WheatPattern Name: Sandwich Bread
5.0 out of 5 stars,Avi karnik,https://www.amazon.in/gp/customer-reviews/R3IBBX89WYWC1E/ref=cm_cr_getr_d_rvw_ttl?ie=UTF8&ASIN=B083F7JCH1, Freshness sealed inside the wrapper,The freshness of the bread was amazing,,"https://images-eu.ssl-images-amazon.com/images/S/amazon-avatars-global/default._CR0,0,1024,1024_SX48_.png",Reviewed in India 🇮🇳 on 17 December 2020,0,Verified Purchase,Flavour Name: WheatPattern Name: Sandwich Bread
5.0 out of 5 stars,Sagar kuril,https://www.amazon.in/gp/customer-reviews/R2STDEJHG0C7X2/ref=cm_cr_getr_d_rvw_ttl?ie=UTF8&ASIN=B083F7JCH1, Good quality,Testy & healthy,,"https://images-eu.ssl-images-amazon.com/images/S/amazon-avatars-global/9e3146cd-d5fc-4046-ab0d-0ab1df3461a9._CR62,0,375,375_SX48_.jpg",Reviewed in India 🇮🇳 on 10 February 2021,0,Verified Purchase,Flavour Name: WheatPattern Name: Sandwich Bread
5.0 out of 5 stars,Kalika,https://www.amazon.in/gp/customer-reviews/R36RKUWIG0O9Y5/ref=cm_cr_getr_d_rvw_ttl?ie=UTF8&ASIN=B083F7JCH1, Very nice,Very soft,,"https://images-eu.ssl-images-amazon.com/images/S/amazon-avatars-global/default._CR0,0,1024,1024_SX48_.png",Reviewed in India 🇮🇳 on 16 February 2021,0,Verified Purchase,Flavour Name: WheatPattern Name: Sandwich Bread
5.0 out of 5 stars,Dharmendra,https://www.amazon.in/gp/customer-reviews/R3SH10L5HWYEH2/ref=cm_cr_getr_d_rvw_ttl?ie=UTF8&ASIN=B083F7JCH1, Good,Good,,"https://images-eu.ssl-images-amazon.com/images/S/amazon-avatars-global/default._CR0,0,1024,1024_SX48_.png",Reviewed in India 🇮🇳 on 7 March 2021,0,Verified Purchase,Flavour Name: WheatPattern Name: Sandwich Bread
1.0 out of 5 stars,Shoppholic,https://www.amazon.in/gp/customer-reviews/R1ETOZO04ZOURH/ref=cm_cr_getr_d_rvw_ttl?ie=UTF8&ASIN=B083F7JCH1, It's not a bread,Vbad it's ultra soft and nothing in it,,https://images-na.ssl-images-amazon.com/images/G/01/x-locale/common/grey-pixel.gif,Reviewed in India 🇮🇳 on 23 June 2022,0,Verified Purchase,Flavour Name: WheatPattern Name: Sandwich Bread
1.0 out of 5 stars,M,https://www.amazon.in/gp/customer-reviews/R3DW789BOILQP/ref=cm_cr_getr_d_rvw_ttl?ie=UTF8&ASIN=B083F7JCH1, Stale,"Purchased it twice, stale both times",,https://images-na.ssl-images-amazon.com/images/G/01/x-locale/common/grey-pixel.gif,Reviewed in India 🇮🇳 on 26 June 2022,0,Verified Purchase,Flavour Name: WheatPattern Name: Sandwich Bread
5.0 out of 5 stars,Alka Mitra,https://www.amazon.in/gp/customer-reviews/R33F8PN1UXAKOV/ref=cm_cr_getr_d_rvw_ttl?ie=UTF8&ASIN=B083F7JCH1, Soft and fresh bread,Soft and fresh,,https://images-na.ssl-images-amazon.com/images/G/01/x-locale/common/grey-pixel.gif,Reviewed in India 🇮🇳 on 13 August 2020,0,Verified Purchase,Flavour Name: WheatPattern Name: Sandwich Bread
5.0 out of 5 stars,Amazon Customer,https://www.amazon.in/gp/customer-reviews/R166F4KZ90VZS2/ref=cm_cr_getr_d_rvw_ttl?ie=UTF8&ASIN=B083F7JCH1, Good product,Same as described,,https://images-na.ssl-images-amazon.com/images/G/01/x-locale/common/grey-pixel.gif,Reviewed in India 🇮🇳 on 21 July 2020,One person found this helpful,Verified Purchase,Flavour Name: WheatPattern Name: Sandwich Bread
2.0 out of 5 stars,Mahendra,https://www.amazon.in/gp/customer-reviews/R1RZMEAPCXJDZ5/ref=cm_cr_getr_d_rvw_ttl?ie=UTF8&ASIN=B083F7JCH1, Poor quality,Quality was bad,,"https://images-eu.ssl-images-amazon.com/images/S/amazon-avatars-global/default._CR0,0,1024,1024_SX48_.png",Reviewed in India 🇮🇳 on 17 October 2020,0,Verified Purchase,Flavour Name: WheatPattern Name: Sandwich Bread
5.0 out of 5 stars,bhaskar madan,https://www.amazon.in/gp/customer-reviews/RGLJ2YZLPWJI7/ref=cm_cr_getr_d_rvw_ttl?ie=UTF8&ASIN=B083F7JCH1, Thanks,Thanks,,"https://images-eu.ssl-images-amazon.com/images/S/amazon-avatars-global/default._CR0,0,1024,1024_SX48_.png",Reviewed in India 🇮🇳 on 23 July 2020,0,Verified Purchase,Flavour Name: WheatPattern Name: Sandwich Bread
2.0 out of 5 stars,Dr. VJ,https://www.amazon.in/gp/customer-reviews/R2QDHYSFUZJ6GA/ref=cm_cr_getr_d_rvw_ttl?ie=UTF8&ASIN=B083F7JCH1, Not fresh,Not fresh,,"https://images-eu.ssl-images-amazon.com/images/S/amazon-avatars-global/default._CR0,0,1024,1024_SX48_.png",Reviewed in India 🇮🇳 on 14 September 2020,0,Verified Purchase,Flavour Name: WheatPattern Name: Sandwich Bread
2.0 out of 5 stars,Varsha B.,https://www.amazon.in/gp/customer-reviews/R25NYEWZU1UMDT/ref=cm_cr_getr_d_rvw_ttl?ie=UTF8&ASIN=B083F7JCH1, Poor quality of bread,Received stale bread.,,"https://images-eu.ssl-images-amazon.com/images/S/amazon-avatars-global/default._CR0,0,1024,1024_SX48_.png",Reviewed in India 🇮🇳 on 22 June 2020,2 people found this helpful,Verified Purchase,Flavour Name: WheatPattern Name: Sandwich Bread
1.0 out of 5 stars,Capt. Sahir,https://www.amazon.in/gp/customer-reviews/R2422X6DICP2OJ/ref=cm_cr_getr_d_rvw_ttl?ie=UTF8&ASIN=B083F7JCH1, Was Smashed inside the packet.,Ok flavour but was smashed inside the packet. Expensive for the content.,,"https://images-eu.ssl-images-amazon.com/images/S/amazon-avatars-global/default._CR0,0,1024,1024_SX48_.png",Reviewed in India 🇮🇳 on 29 July 2021,0,Verified Purchase,Flavour Name: WheatPattern Name: Sandwich Bread
1.0 out of 5 stars,Parul Dar,https://www.amazon.in/gp/customer-reviews/R23CLLO7Y4APW5/ref=cm_cr_getr_d_rvw_ttl?ie=UTF8&ASIN=B083F7JCH1, Thin slices of bread,"Thin slices of bread. Received crushed on arrival, better packaging required.",,"https://images-eu.ssl-images-amazon.com/images/S/amazon-avatars-global/default._CR0,0,1024,1024_SX48_.png",Reviewed in India 🇮🇳 on 28 July 2021,0,Verified Purchase,Flavour Name: WheatPattern Name: Sandwich Bread
1.0 out of 5 stars,Athashree Sawool,https://www.amazon.in/gp/customer-reviews/R15G7SFKK38L8J/ref=cm_cr_getr_d_rvw_ttl?ie=UTF8&ASIN=B083F7JCH1, Expire date was 30st December and I have received this bread packet on 31st December.,Expire date was 30st December and I have received this bread packet on 31st December.,,https://images-na.ssl-images-amazon.com/images/G/01/x-locale/common/grey-pixel.gif,Reviewed in India 🇮🇳 on 1 January 2021,0,Verified Purchase,Flavour Name: WheatPattern Name: Sandwich Bread
1.0 out of 5 stars,Ashok Soni,https://www.amazon.in/gp/customer-reviews/R1BSFDINI9M8BH/ref=cm_cr_getr_d_rvw_ttl?ie=UTF8&ASIN=B083F7JCH1, Bread delivered crumpled,It was delivered in crumpled form. The pack and the slices have totally lost shape,"https://images-na.ssl-images-amazon.com/images/I/81AQqOfEpOL.88.jpg  
https://images-na.ssl-images-amazon.com/images/I/81UOmGx6L7L.88.jpg  
",https://images-na.ssl-images-amazon.com/images/G/01/x-locale/common/grey-pixel.gif,Reviewed in India 🇮🇳 on 24 October 2020,0,Verified Purchase,Flavour Name: WheatPattern Name: Sandwich Bread
1.0 out of 5 stars,Rajendra Sahani,https://www.amazon.in/gp/customer-reviews/R1ZTRDFEHF16OK/ref=cm_cr_getr_d_rvw_ttl?ie=UTF8&ASIN=B083F7JCH1, Bread came with big holes in the slices,,"https://m.media-amazon.com/images/I/7188faXbSRL.88.jpg  
https://m.media-amazon.com/images/I/71OgUJAX5ML.88.jpg  
",https://images-na.ssl-images-amazon.com/images/G/01/x-locale/common/grey-pixel.gif,Reviewed in India 🇮🇳 on 29 March 2023,0,,Flavour Name: WheatPattern Name: Sandwich Bread
1.0 out of 5 stars,Suhel Sayyed,https://www.amazon.in/gp/customer-reviews/R2ERZTXYCQZEZX/ref=cm_cr_getr_d_rvw_ttl?ie=UTF8&ASIN=B083F7JCH1, Broken product,Bread slices are broken.,"https://images-na.ssl-images-amazon.com/images/I/B17PK8OSHYS.88.jpg  
",https://images-na.ssl-images-amazon.com/images/G/01/x-locale/common/grey-pixel.gif,Reviewed in India 🇮🇳 on 2 November 2020,0,Verified Purchase,Flavour Name: WheatPattern Name: Sandwich Bread
1.0 out of 5 stars,Amazon Customer,https://www.amazon.in/gp/customer-reviews/R3BT45VI8B4FXL/ref=cm_cr_getr_d_rvw_ttl?ie=UTF8&ASIN=B083F7JCH1, Ok bread,"Upon delivery, the bread was all squeezed.","https://images-na.ssl-images-amazon.com/images/I/719fN7Msc+L.88.jpg  
","https://images-eu.ssl-images-amazon.com/images/S/amazon-avatars-global/default._CR0,0,1024,1024_SX48_.png",Reviewed in India 🇮🇳 on 22 June 2020,One person found this helpful,Verified Purchase,Flavour Name: WheatPattern Name: Sandwich Bread
1.0 out of 5 stars,Client,https://www.amazon.in/gp/customer-reviews/R3A7DRN8COMGVO/ref=cm_cr_getr_d_rvw_ttl?ie=UTF8&ASIN=B083F7JCH1, Open package,Open package. Won't order again.,,"https://images-eu.ssl-images-amazon.com/images/S/amazon-avatars-global/default._CR0,0,1024,1024_SX48_.png",Reviewed in India 🇮🇳 on 17 August 2020,0,Verified Purchase,Flavour Name: WheatPattern Name: Sandwich Bread
1.0 out of 5 stars,AM,https://www.amazon.in/gp/customer-reviews/R1MTZKH5W6836F/ref=cm_cr_getr_d_rvw_ttl?ie=UTF8&ASIN=B083F7JCH1, Too bad,Stale bread each time,,"https://images-eu.ssl-images-amazon.com/images/S/amazon-avatars-global/default._CR0,0,1024,1024_SX48_.png",Reviewed in India 🇮🇳 on 22 June 2020,0,Verified Purchase,Flavour Name: WheatPattern Name: Sandwich Bread
5.0 out of 5 stars,kashinath mishra,https://www.amazon.in/gp/customer-reviews/RGCZMO61FRNFI/ref=cm_cr_getr_d_rvw_ttl?ie=UTF8&ASIN=B083F7JCH1, good,good,,"https://images-eu.ssl-images-amazon.com/images/S/amazon-avatars-global/default._CR0,0,1024,1024_SX48_.png",Reviewed in India 🇮🇳 on 11 July 2022,0,Verified Purchase,Flavour Name: WheatPattern Name: Sandwich Bread
3.0 out of 5 stars,ALPANA,https://www.amazon.in/gp/customer-reviews/R25DNHPE5SHMOQ/ref=cm_cr_getr_d_rvw_ttl?ie=UTF8&ASIN=B083F7JCH1, Wierd 😐,Turned stale by evening.,,"https://images-eu.ssl-images-amazon.com/images/S/amazon-avatars-global/default._CR0,0,1024,1024_SX48_.png",Reviewed in India 🇮🇳 on 8 August 2020,0,Verified Purchase,Flavour Name: WheatPattern Name: Sandwich Bread
4.0 out of 5 stars,Siddharth,https://www.amazon.in/gp/customer-reviews/R3RDH7IGFU8WZH/ref=cm_cr_getr_d_rvw_ttl?ie=UTF8&ASIN=B083F7JCH1, Good bread for the price,It isn't the greatest bread in the world.. but being moderately priced and home delivered makes life easier..,,https://images-na.ssl-images-amazon.com/images/G/01/x-locale/common/grey-pixel.gif,Reviewed in India 🇮🇳 on 24 February 2022,0,Verified Purchase,Flavour Name: WheatPattern Name: Sandwich Bread
4.0 out of 5 stars,Doreen A Fernandes,https://www.amazon.in/gp/customer-reviews/RBAOOSCIMX9G0/ref=cm_cr_getr_d_rvw_ttl?ie=UTF8&ASIN=B083F7JCH1, Sliced bread,It did not look very fresh.,,https://images-na.ssl-images-amazon.com/images/G/01/x-locale/common/grey-pixel.gif,Reviewed in India 🇮🇳 on 12 June 2020,0,Verified Purchase,Flavour Name: WheatPattern Name: Sandwich Bread
