Star-rating,Name,Reviewer Profile Url,Review Title,Review Content,images,profile icon,Date,helpful,verified,variant
4.0 out of 5 stars,Vinamrata,https://www.amazon.in/gp/customer-reviews/R33427L581OQA8/ref=cm_cr_arp_d_rvw_ttl?ie=UTF8&ASIN=B083F7NKYP, Good,Good,,"https://images-eu.ssl-images-amazon.com/images/S/amazon-avatars-global/default._CR0,0,1024,1024_SX48_.png",Reviewed in India 🇮🇳 on 28 February 2023,0,Verified Purchase,
5.0 out of 5 stars,Shaji,https://www.amazon.in/gp/customer-reviews/RGKTF8221VLZC/ref=cm_cr_arp_d_rvw_ttl?ie=UTF8&ASIN=B083F7NKYP, Fresh and tasty,Bread is fresh and tastier than local bread available in shop,,"https://images-eu.ssl-images-amazon.com/images/S/amazon-avatars-global/481bbcfe-dc42-4a7e-a138-c1c5a80a5223._CR0,0,1618,1618_SX48_.jpg",Reviewed in India 🇮🇳 on 27 March 2023,0,Verified Purchase,
5.0 out of 5 stars,Michelle D’souza,https://www.amazon.in/gp/customer-reviews/REZFY7DETN9OA/ref=cm_cr_arp_d_rvw_ttl?ie=UTF8&ASIN=B083F7NKYP, Awesome bread,This wheat bread is of very good quality.,,"https://images-eu.ssl-images-amazon.com/images/S/amazon-avatars-global/default._CR0,0,1024,1024_SX48_.png",Reviewed in India 🇮🇳 on 13 March 2023,0,Verified Purchase,
5.0 out of 5 stars,Rajesh Sharma,https://www.amazon.in/gp/customer-reviews/RGWH5CKWA85NI/ref=cm_cr_arp_d_rvw_ttl?ie=UTF8&ASIN=B083F7NKYP, Softness,Good taste and soft bread.,,"https://images-eu.ssl-images-amazon.com/images/S/amazon-avatars-global/default._CR0,0,1024,1024_SX48_.png",Reviewed in India 🇮🇳 on 4 March 2023,0,Verified Purchase,
5.0 out of 5 stars,Nitya,https://www.amazon.in/gp/customer-reviews/R1M79OCFJDDB4X/ref=cm_cr_arp_d_rvw_ttl?ie=UTF8&ASIN=B083F7NKYP, Gud,Gud,,https://images-na.ssl-images-amazon.com/images/G/01/x-locale/common/grey-pixel.gif,Reviewed in India 🇮🇳 on 18 March 2023,0,Verified Purchase,
4.0 out of 5 stars,Aditya Marathe,https://www.amazon.in/gp/customer-reviews/R32FHT4OB07841/ref=cm_cr_arp_d_rvw_ttl?ie=UTF8&ASIN=B083F7NKYP, It’s bread what review bruh,Might be a little cheaper.,,https://images-na.ssl-images-amazon.com/images/G/01/x-locale/common/grey-pixel.gif,Reviewed in India 🇮🇳 on 23 August 2022,3 people found this helpful,Verified Purchase,
4.0 out of 5 stars,Amazon Customer,https://www.amazon.in/gp/customer-reviews/R2TOCQF2SO1T5/ref=cm_cr_arp_d_rvw_ttl?ie=UTF8&ASIN=B083F7NKYP, Good product,Good product,,https://images-na.ssl-images-amazon.com/images/G/01/x-locale/common/grey-pixel.gif,Reviewed in India 🇮🇳 on 23 July 2022,0,Verified Purchase,
5.0 out of 5 stars,Shilpa,https://www.amazon.in/gp/customer-reviews/R2UXEHH8S5MB0A/ref=cm_cr_arp_d_rvw_ttl?ie=UTF8&ASIN=B083F7NKYP, Good one,"Received fresh, good in quality and taste.",,https://images-na.ssl-images-amazon.com/images/G/01/x-locale/common/grey-pixel.gif,Reviewed in India 🇮🇳 on 2 October 2022,0,Verified Purchase,
5.0 out of 5 stars,harsh.s.mehta,https://www.amazon.in/gp/customer-reviews/R23G9WUBYHWGJW/ref=cm_cr_arp_d_rvw_ttl?ie=UTF8&ASIN=B083F7NKYP, Above Expectations,"It's best suited for Toast and Uncooked (Plain) Sandwiches
Has a Great Taste & the Quality is also extremely good",,https://images-na.ssl-images-amazon.com/images/G/01/x-locale/common/grey-pixel.gif,Reviewed in India 🇮🇳 on 5 August 2022,One person found this helpful,Verified Purchase,
4.0 out of 5 stars,Amazon Customer,https://www.amazon.in/gp/customer-reviews/R1ZJ4VFUM31J7P/ref=cm_cr_arp_d_rvw_ttl?ie=UTF8&ASIN=B083F7NKYP, Not fresh,Not fresh,,https://images-na.ssl-images-amazon.com/images/G/01/x-locale/common/grey-pixel.gif,Reviewed in India 🇮🇳 on 25 March 2022,0,Verified Purchase,
5.0 out of 5 stars,Papiya Bhattacharjee,https://www.amazon.in/gp/customer-reviews/R3FNSYI37UXG1A/ref=cm_cr_getr_d_rvw_ttl?ie=UTF8&ASIN=B083F7NKYP, Very good,"Very soft to eat , you can enjoy your morning breakfadt",,"https://images-eu.ssl-images-amazon.com/images/S/amazon-avatars-global/default._CR0,0,1024,1024_SX48_.png",Reviewed in India 🇮🇳 on 1 August 2022,0,Verified Purchase,
5.0 out of 5 stars,Pooja vishwakarma,https://www.amazon.in/gp/customer-reviews/RKQKFQ6Z7X4P1/ref=cm_cr_getr_d_rvw_ttl?ie=UTF8&ASIN=B083F7NKYP, Very good,Very good,,"https://images-eu.ssl-images-amazon.com/images/S/amazon-avatars-global/default._CR0,0,1024,1024_SX48_.png",Reviewed in India 🇮🇳 on 30 July 2022,0,Verified Purchase,
5.0 out of 5 stars,Jagdev singh,https://www.amazon.in/gp/customer-reviews/RPJ4MH8F4IOPQ/ref=cm_cr_getr_d_rvw_ttl?ie=UTF8&ASIN=B083F7NKYP, Fresh,Fresh,,"https://images-eu.ssl-images-amazon.com/images/S/amazon-avatars-global/default._CR0,0,1024,1024_SX48_.png",Reviewed in India 🇮🇳 on 15 July 2022,0,Verified Purchase,
3.0 out of 5 stars,Ali,https://www.amazon.in/gp/customer-reviews/RCXAY8BJBGKRB/ref=cm_cr_getr_d_rvw_ttl?ie=UTF8&ASIN=B083F7NKYP, Don't know if it is really whole wheat....,"No issues with bread as far as flavour or taste. It was good.
But very soft. I have eaten and tried a lot of whole wheat breads. This was the softest I have ever tried. I suspect it might not be whole wheat.
Don't let the name fool you. It is an Indian brand. But as I said I can only suspect. I don't know if it is whole wheat or not. As far as it's taste or flavour is concerned, it is good.",,"https://images-eu.ssl-images-amazon.com/images/S/amazon-avatars-global/default._CR0,0,1024,1024_SX48_.png",Reviewed in India 🇮🇳 on 6 November 2020,2 people found this helpful,Verified Purchase,
5.0 out of 5 stars,KANAN DIVECHA,https://www.amazon.in/gp/customer-reviews/R1OGT2CTFXFOR5/ref=cm_cr_getr_d_rvw_ttl?ie=UTF8&ASIN=B083F7NKYP, Soft & Tasty,"English Oven is one of the finest commercial breads I am eating currently, besides Modern Bread. All other brands pale in comparison. It is flavourful, rightly sliced and remains soft even after a few days of refrigeration. All one has to do is lightly toast it on a non-stick pan and voila it’s ready to have a spread of butter, jam, cheese or peanut butter.",,"https://images-eu.ssl-images-amazon.com/images/S/amazon-avatars-global/default._CR0,0,1024,1024_SX48_.png",Reviewed in India 🇮🇳 on 24 February 2021,6 people found this helpful,Verified Purchase,
4.0 out of 5 stars,Dimple,https://www.amazon.in/gp/customer-reviews/R2Q7FESUJFXY3N/ref=cm_cr_getr_d_rvw_ttl?ie=UTF8&ASIN=B083F7NKYP, Worth it..,"I tried it for thr first time but liked it.. worth a try.. but a little costly compared to other brown breads in the market.

Received in good condition. nice for sandwiches as well..",,https://images-na.ssl-images-amazon.com/images/G/01/x-locale/common/grey-pixel.gif,Reviewed in India 🇮🇳 on 21 July 2020,0,Verified Purchase,
5.0 out of 5 stars,Sarita,https://www.amazon.in/gp/customer-reviews/R10UJJGQD8F4OA/ref=cm_cr_getr_d_rvw_ttl?ie=UTF8&ASIN=B083F7NKYP," Very Clean, tasty and healthy","The oven fresh bread is very soft with a very nice flavour. My family loved it. It is a product which I will buy again and again. It gives value for money. Very clean and nicely packaged, looks and tastes great.",,https://images-na.ssl-images-amazon.com/images/G/01/x-locale/common/grey-pixel.gif,Reviewed in India 🇮🇳 on 18 July 2021,0,Verified Purchase,
4.0 out of 5 stars,vishal kasabe,https://www.amazon.in/gp/customer-reviews/R33ANWYYIXRM4Y/ref=cm_cr_getr_d_rvw_ttl?ie=UTF8&ASIN=B083F7NKYP, Nice bread,"Very good bread, try it",,https://images-na.ssl-images-amazon.com/images/G/01/x-locale/common/grey-pixel.gif,Reviewed in India 🇮🇳 on 27 July 2021,0,Verified Purchase,
4.0 out of 5 stars,Jhunjhunwalas,https://www.amazon.in/gp/customer-reviews/R26NSU71VIIQWN/ref=cm_cr_getr_d_rvw_ttl?ie=UTF8&ASIN=B083F7NKYP, Good bread,Good and reliable bread,,https://images-na.ssl-images-amazon.com/images/G/01/x-locale/common/grey-pixel.gif,Reviewed in India 🇮🇳 on 31 July 2021,0,Verified Purchase,
4.0 out of 5 stars,AJAY DALSUKHLAL GORADIA,https://www.amazon.in/gp/customer-reviews/R6BYYG011B989/ref=cm_cr_getr_d_rvw_ttl?ie=UTF8&ASIN=B083F7NKYP, GOOD BREAD,QUALITY & QUANTITY ARE WELL GOOD,,https://images-na.ssl-images-amazon.com/images/G/01/x-locale/common/grey-pixel.gif,Reviewed in India 🇮🇳 on 6 June 2021,0,Verified Purchase,
1.0 out of 5 stars,Nipun Rangwala,https://www.amazon.in/gp/customer-reviews/R38IBOFQ63R0PD/ref=cm_cr_getr_d_rvw_ttl?ie=UTF8&ASIN=B083F7NKYP, Not good quality,Quality not up to mark as evident from photo. Most of the bread slices were like these.,"https://m.media-amazon.com/images/I/81esHGIw0UL.88.jpg  
","https://images-eu.ssl-images-amazon.com/images/S/amazon-avatars-global/default._CR0,0,1024,1024_SX48_.png",Reviewed in India 🇮🇳 on 19 November 2022,0,Verified Purchase,
5.0 out of 5 stars,Rahim Patel,https://www.amazon.in/gp/customer-reviews/R3H991HYUPLCFU/ref=cm_cr_getr_d_rvw_ttl?ie=UTF8&ASIN=B083F7NKYP, Good taste,Good,,"https://images-eu.ssl-images-amazon.com/images/S/amazon-avatars-global/default._CR0,0,1024,1024_SX48_.png",Reviewed in India 🇮🇳 on 24 March 2022,0,Verified Purchase,
3.0 out of 5 stars,SH,https://www.amazon.in/gp/customer-reviews/R2NF94SQCKS7KP/ref=cm_cr_getr_d_rvw_ttl?ie=UTF8&ASIN=B083F7NKYP, Not fresh .,"Last time I ordered I got a fresh pack. This time the bread UsebyDate was 8th just last 1 day for use...obviously we cannot consume the entire bread on 1 day.
Please check UsebyDate prior to packing.",,"https://images-eu.ssl-images-amazon.com/images/S/amazon-avatars-global/default._CR0,0,1024,1024_SX48_.png",Reviewed in India 🇮🇳 on 10 September 2020,One person found this helpful,Verified Purchase,
5.0 out of 5 stars,Amazon Customer,https://www.amazon.in/gp/customer-reviews/R3J3ASI2HJ04S4/ref=cm_cr_getr_d_rvw_ttl?ie=UTF8&ASIN=B083F7NKYP, Real Wheat Bread,Super soft quality,,"https://images-eu.ssl-images-amazon.com/images/S/amazon-avatars-global/default._CR0,0,1024,1024_SX48_.png",Reviewed in India 🇮🇳 on 11 February 2022,0,Verified Purchase,
3.0 out of 5 stars,sarkarosso,https://www.amazon.in/gp/customer-reviews/R2V5Y8NPIT1ZW4/ref=cm_cr_getr_d_rvw_ttl?ie=UTF8&ASIN=B083F7NKYP, Extremely bad packaging for delivery,"Fresh soft bread delivered in a reckless packing, completely crushed the bread. Renders it useless and suitable only for bread upma!","https://images-na.ssl-images-amazon.com/images/I/71W6sn36YpL.88.jpg  
","https://images-eu.ssl-images-amazon.com/images/S/amazon-avatars-global/default._CR0,0,1024,1024_SX48_.png",Reviewed in India 🇮🇳 on 7 November 2020,0,Verified Purchase,
5.0 out of 5 stars,7738717026,https://www.amazon.in/gp/customer-reviews/R2X2BFWRB7QBGN/ref=cm_cr_getr_d_rvw_ttl?ie=UTF8&ASIN=B083F7NKYP, Fresh but cannot verify the claim it is 100% whole wheat,Fresh and delivered on time. Label states that it is 100 percent whole wheat which I am unable to verify.,,https://images-na.ssl-images-amazon.com/images/G/01/x-locale/common/grey-pixel.gif,Reviewed in India 🇮🇳 on 7 June 2021,One person found this helpful,Verified Purchase,
3.0 out of 5 stars,Manisha Sinha,https://www.amazon.in/gp/customer-reviews/R34ZDUR3YHDJS1/ref=cm_cr_getr_d_rvw_ttl?ie=UTF8&ASIN=B083F7NKYP, Send products with full shelf life,Product sent was old. Hardly one before expiry,,https://images-na.ssl-images-amazon.com/images/G/01/x-locale/common/grey-pixel.gif,Reviewed in India 🇮🇳 on 16 May 2021,0,Verified Purchase,
3.0 out of 5 stars,Chandraprakash Anchan,https://www.amazon.in/gp/customer-reviews/R355G0495AIL2X/ref=cm_cr_getr_d_rvw_ttl?ie=UTF8&ASIN=B083F7NKYP, Normal,Soft but the expiration was early,,https://images-na.ssl-images-amazon.com/images/G/01/x-locale/common/grey-pixel.gif,Reviewed in India 🇮🇳 on 20 May 2021,0,Verified Purchase,
4.0 out of 5 stars,Romy Punjabi,https://www.amazon.in/gp/customer-reviews/R2TERM7TQE6J4W/ref=cm_cr_getr_d_rvw_ttl?ie=UTF8&ASIN=B083F7NKYP, Go for it,Soft and fresh,,https://images-na.ssl-images-amazon.com/images/G/01/x-locale/common/grey-pixel.gif,Reviewed in India 🇮🇳 on 9 October 2020,0,Verified Purchase,
5.0 out of 5 stars,chetan,https://www.amazon.in/gp/customer-reviews/R2IEF5DQJPJU7R/ref=cm_cr_getr_d_rvw_ttl?ie=UTF8&ASIN=B083F7NKYP, Great product,It's a very high quality product.,,https://images-na.ssl-images-amazon.com/images/G/01/x-locale/common/grey-pixel.gif,Reviewed in India 🇮🇳 on 12 September 2021,0,Verified Purchase,
5.0 out of 5 stars,Manisha Rajput,https://www.amazon.in/gp/customer-reviews/R2XQ949NB2KZB5/ref=cm_cr_getr_d_rvw_ttl?ie=UTF8&ASIN=B083F7NKYP, Try must,Too good very tasty perfect,,"https://images-eu.ssl-images-amazon.com/images/S/amazon-avatars-global/default._CR0,0,1024,1024_SX48_.png",Reviewed in India 🇮🇳 on 29 June 2021,0,Verified Purchase,
2.0 out of 5 stars,Dian H.,https://www.amazon.in/gp/customer-reviews/RZ7P1CI31MOWC/ref=cm_cr_getr_d_rvw_ttl?ie=UTF8&ASIN=B083F7NKYP, Love this bread,I love this bread and constantly order it for the past couple of months. But the quality I got at my latest order was not so good. I received a damaged one and all breads were crushed.,,"https://images-eu.ssl-images-amazon.com/images/S/amazon-avatars-global/95a94de0-50aa-402a-8a77-ec68058e6ef7._CR62,0,375,375_SX48_.jpg",Reviewed in India 🇮🇳 on 24 April 2021,0,Verified Purchase,
3.0 out of 5 stars,Vivek j,https://www.amazon.in/gp/customer-reviews/R3OLA9O04VOWJP/ref=cm_cr_getr_d_rvw_ttl?ie=UTF8&ASIN=B083F7NKYP, It breaks easily.,It breaks. Difficult to manage,,"https://images-eu.ssl-images-amazon.com/images/S/amazon-avatars-global/default._CR0,0,1024,1024_SX48_.png",Reviewed in India 🇮🇳 on 6 November 2020,0,Verified Purchase,
5.0 out of 5 stars,Sanjay Sharma,https://www.amazon.in/gp/customer-reviews/R6ZLGP5OAQ1PJ/ref=cm_cr_getr_d_rvw_ttl?ie=UTF8&ASIN=B083F7NKYP, Best amongst other 100% whole wheat brands,I ❤️ it,,"https://images-eu.ssl-images-amazon.com/images/S/amazon-avatars-global/default._CR0,0,1024,1024_SX48_.png",Reviewed in India 🇮🇳 on 12 July 2021,0,Verified Purchase,
1.0 out of 5 stars,Chetan,https://www.amazon.in/gp/customer-reviews/R1LD4KLOHVO274/ref=cm_cr_getr_d_rvw_ttl?ie=UTF8&ASIN=B083F7NKYP, Not fresh recd,Fungas and outdated product,,"https://images-eu.ssl-images-amazon.com/images/S/amazon-avatars-global/default._CR0,0,1024,1024_SX48_.png",Reviewed in India 🇮🇳 on 26 August 2022,0,Verified Purchase,
1.0 out of 5 stars,Amazon Customer,https://www.amazon.in/gp/customer-reviews/R27XU8R0YVGP90/ref=cm_cr_getr_d_rvw_ttl?ie=UTF8&ASIN=B083F7NKYP, NOT A GOOD BRAND FOR AMAZON TO CONTINUE,"Really sorry for the bad review. We have ordered multiple times, every time we had hope that it might be good on the next order but always disappointed. Not ordering any more.
I am an Amazon Fresh customer for a long, unable to understand the meaning of keeping a bad product at the same price. There are so many good bakeries but Amazon has only one....",,"https://images-eu.ssl-images-amazon.com/images/S/amazon-avatars-global/default._CR0,0,1024,1024_SX48_.png",Reviewed in India 🇮🇳 on 30 May 2021,2 people found this helpful,Verified Purchase,
5.0 out of 5 stars,Prashant Sadbhaiya,https://www.amazon.in/gp/customer-reviews/R1E04IPX31NPED/ref=cm_cr_getr_d_rvw_ttl?ie=UTF8&ASIN=B083F7NKYP, Worth the money,Awesome taste and size,,https://images-na.ssl-images-amazon.com/images/G/01/x-locale/common/grey-pixel.gif,Reviewed in India 🇮🇳 on 20 March 2021,0,Verified Purchase,
5.0 out of 5 stars,Parina shah,https://www.amazon.in/gp/customer-reviews/R2CAS6XIO9T22Q/ref=cm_cr_getr_d_rvw_ttl?ie=UTF8&ASIN=B083F7NKYP, Nice heathy,Good flavor,,https://images-na.ssl-images-amazon.com/images/G/01/x-locale/common/grey-pixel.gif,Reviewed in India 🇮🇳 on 27 March 2021,0,Verified Purchase,
5.0 out of 5 stars,Vandana Chattaraj,https://www.amazon.in/gp/customer-reviews/R38RTEQYGVP04Q/ref=cm_cr_getr_d_rvw_ttl?ie=UTF8&ASIN=B083F7NKYP, Fresh,Fresh,,https://images-na.ssl-images-amazon.com/images/G/01/x-locale/common/grey-pixel.gif,Reviewed in India 🇮🇳 on 15 March 2021,0,Verified Purchase,
1.0 out of 5 stars,R S Pathak,https://www.amazon.in/gp/customer-reviews/R2JKKC21DN6XGM/ref=cm_cr_getr_d_rvw_ttl?ie=UTF8&ASIN=B083F7NKYP, Worst quality. Product should be removed from Amazon website.,"Taste is smelly, expired item packed in new package.. bread slices get breaked in to pieces while picking up. Not valued for money. It is disgusting to buy this type of product on Amazon. Now Amazon marketer/ management are also promotion the product after being lured by Indian producers.","https://images-na.ssl-images-amazon.com/images/I/A1AYtv5ZXyL.88.jpg  
https://images-na.ssl-images-amazon.com/images/I/A1WahYwMkBL.88.jpg  
",https://images-na.ssl-images-amazon.com/images/G/01/x-locale/common/grey-pixel.gif,Reviewed in India 🇮🇳 on 14 May 2021,One person found this helpful,Verified Purchase,
1.0 out of 5 stars,Nikhil,https://www.amazon.in/gp/customer-reviews/R2GS5Y63R0ZT5L/ref=cm_cr_getr_d_rvw_ttl?ie=UTF8&ASIN=B083F7NKYP, Packing,"Nothing more to tell...could understand that coz of rains the pkt got wet and the bread lost its shape...but request Amazon to check whether the customers are receiving the products in good condition too....plz be careful with the packing of this type of items...
One star not for the bread...but for the condition in which I received
Customers are worth to receive in proper shape too","https://images-na.ssl-images-amazon.com/images/I/71vO8124hHL.88.jpg  
","https://images-eu.ssl-images-amazon.com/images/S/amazon-avatars-global/default._CR0,0,1024,1024_SX48_.png",Reviewed in India 🇮🇳 on 21 August 2020,9 people found this helpful,Verified Purchase,
5.0 out of 5 stars,Mallu Kumar,https://www.amazon.in/gp/customer-reviews/R32Y9L6Q6TWFFA/ref=cm_cr_getr_d_rvw_ttl?ie=UTF8&ASIN=B083F7NKYP, Great,Very tasty.,,"https://images-eu.ssl-images-amazon.com/images/S/amazon-avatars-global/default._CR0,0,1024,1024_SX48_.png",Reviewed in India 🇮🇳 on 4 October 2020,0,Verified Purchase,
5.0 out of 5 stars,Amazon Customer,https://www.amazon.in/gp/customer-reviews/R3TVSMONONFXL3/ref=cm_cr_getr_d_rvw_ttl?ie=UTF8&ASIN=B083F7NKYP, Good Product,Taste was good,,"https://images-eu.ssl-images-amazon.com/images/S/amazon-avatars-global/365bf3e9-e3aa-4a85-aa7c-c4f8994a4c10._CR0,0,729,729_SX48_.jpg",Reviewed in India 🇮🇳 on 21 July 2020,0,Verified Purchase,
1.0 out of 5 stars,Sujeet More,https://www.amazon.in/gp/customer-reviews/R11GKZUQ2ZV2PY/ref=cm_cr_getr_d_rvw_ttl?ie=UTF8&ASIN=B083F7NKYP, Already getting bad smell just after delivery,The bread is already got fungus and bad smell just few minutes after delivery,,"https://images-eu.ssl-images-amazon.com/images/S/amazon-avatars-global/default._CR0,0,1024,1024_SX48_.png",Reviewed in India 🇮🇳 on 15 December 2021,0,Verified Purchase,
1.0 out of 5 stars,Priyanka Ajit,https://www.amazon.in/gp/customer-reviews/R2GVK03EKT8UUZ/ref=cm_cr_getr_d_rvw_ttl?ie=UTF8&ASIN=B083F7NKYP, Delivered on 19 th August bt expired on 14 th August,Delivered on 19 th August bt expired on 14 th August. Also fungus observed on bread. Plz refund my money,,"https://images-eu.ssl-images-amazon.com/images/S/amazon-avatars-global/default._CR0,0,1024,1024_SX48_.png",Reviewed in India 🇮🇳 on 19 August 2021,One person found this helpful,Verified Purchase,
1.0 out of 5 stars,Anonymous,https://www.amazon.in/gp/customer-reviews/RIFH4VSP9ZLDI/ref=cm_cr_getr_d_rvw_ttl?ie=UTF8&ASIN=B083F7NKYP, Spoiled and expiry date over bread delivered,The bread packet was delivered post the expiry date with fungus on the same .,,https://images-na.ssl-images-amazon.com/images/G/01/x-locale/common/grey-pixel.gif,Reviewed in India 🇮🇳 on 3 October 2021,0,Verified Purchase,
1.0 out of 5 stars,Tanmay Broachwala,https://www.amazon.in/gp/customer-reviews/R4U5K21NFA9FP/ref=cm_cr_getr_d_rvw_ttl?ie=UTF8&ASIN=B083F7NKYP, Not delivered Fresh,Not as fresh as other off the shelf bread brands. The multi grain version is always broken & crumbling even before the pack is opened.,,https://images-na.ssl-images-amazon.com/images/G/01/x-locale/common/grey-pixel.gif,Reviewed in India 🇮🇳 on 14 March 2021,One person found this helpful,Verified Purchase,
1.0 out of 5 stars,Prakash Jain,https://www.amazon.in/gp/customer-reviews/R1AMIDEXXL2L4I/ref=cm_cr_getr_d_rvw_ttl?ie=UTF8&ASIN=B083F7NKYP, Expired bread,"I opened bread it was stinking thn i checked it was expired bread.. jst for selling u vl sel anything n expired things...
Tht was my first n last Amazon big bazaar purchase...",,https://images-na.ssl-images-amazon.com/images/G/01/x-locale/common/grey-pixel.gif,Reviewed in India 🇮🇳 on 22 September 2020,One person found this helpful,Verified Purchase,
1.0 out of 5 stars,Shweta k r,https://www.amazon.in/gp/customer-reviews/R33RCDHMSVQ3HK/ref=cm_cr_getr_d_rvw_ttl?ie=UTF8&ASIN=B083F7NKYP, Didn't like it,The bread was too delicate to even apply butter on it....though their burger buns are awesome,,https://images-na.ssl-images-amazon.com/images/G/01/x-locale/common/grey-pixel.gif,Reviewed in India 🇮🇳 on 23 May 2021,One person found this helpful,Verified Purchase,
1.0 out of 5 stars,Amol Gholap,https://www.amazon.in/gp/customer-reviews/R3GQIMMHP0GIGB/ref=cm_cr_getr_d_rvw_ttl?ie=UTF8&ASIN=B083F7NKYP, Don't buy,West product,,https://images-na.ssl-images-amazon.com/images/G/01/x-locale/common/grey-pixel.gif,Reviewed in India 🇮🇳 on 10 February 2022,0,Verified Purchase,
1.0 out of 5 stars,Prabhu,https://www.amazon.in/gp/customer-reviews/R2CGPOUDL68OP9/ref=cm_cr_getr_d_rvw_ttl?ie=UTF8&ASIN=B083F7NKYP, Would not recommend.,I got it all crumbled and mushed up and it tasted very different and weird.,,"https://images-eu.ssl-images-amazon.com/images/S/amazon-avatars-global/default._CR0,0,1024,1024_SX48_.png",Reviewed in India 🇮🇳 on 18 February 2021,One person found this helpful,Verified Purchase,
5.0 out of 5 stars,pranay,https://www.amazon.in/gp/customer-reviews/R2LKWLASGHU23C/ref=cm_cr_getr_d_rvw_ttl?ie=UTF8&ASIN=B083F7NKYP, Best bakery products from Bector foods,As compared to other breads English oven is best.. in terms of quality also try Cremica biscuits of Bector foods,,"https://images-eu.ssl-images-amazon.com/images/S/amazon-avatars-global/default._CR0,0,1024,1024_SX48_.png",Reviewed in India 🇮🇳 on 25 November 2022,0,,
1.0 out of 5 stars,Pawan Dhanorkar,https://www.amazon.in/gp/customer-reviews/R1AN5VRQ6L8KKK/ref=cm_cr_getr_d_rvw_ttl?ie=UTF8&ASIN=B083F7NKYP, Irresponsible AMAZON,"I got baked flies in the bread...
Still Amazon has not reverted to me...
Such an irresponsible mediator.","https://images-na.ssl-images-amazon.com/images/I/7109D9-FXHL.88.jpg  
https://images-na.ssl-images-amazon.com/images/I/71d6ZOtq0WL.88.jpg  
https://images-na.ssl-images-amazon.com/images/I/819uwqIm1sL.88.jpg  
","https://images-eu.ssl-images-amazon.com/images/S/amazon-avatars-global/default._CR0,0,1024,1024_SX48_.png",Reviewed in India 🇮🇳 on 25 September 2020,One person found this helpful,Verified Purchase,
1.0 out of 5 stars,Anushka C.,https://www.amazon.in/gp/customer-reviews/R2W11E234JOK1K/ref=cm_cr_getr_d_rvw_ttl?ie=UTF8&ASIN=B083F7NKYP, ..,I got an expired product.,,"https://images-eu.ssl-images-amazon.com/images/S/amazon-avatars-global/default._CR0,0,1024,1024_SX48_.png",Reviewed in India 🇮🇳 on 28 June 2021,0,Verified Purchase,
1.0 out of 5 stars,Amar Nigam,https://www.amazon.in/gp/customer-reviews/R24DQ7NK6VRVYE/ref=cm_cr_getr_d_rvw_ttl?ie=UTF8&ASIN=B083F7NKYP, Near expiry,Too close to expiry,,"https://images-eu.ssl-images-amazon.com/images/S/amazon-avatars-global/default._CR0,0,1024,1024_SX48_.png",Reviewed in India 🇮🇳 on 1 July 2021,One person found this helpful,Verified Purchase,
1.0 out of 5 stars,Amazon Customer,https://www.amazon.in/gp/customer-reviews/RDI803FIROVO9/ref=cm_cr_getr_d_rvw_ttl?ie=UTF8&ASIN=B083F7NKYP, Expire product,"Buy to 18 Oct 2020
and
Delivered to expire 17 oct 2020","https://images-na.ssl-images-amazon.com/images/I/81x1D8tV1jL.88.jpg  
",https://images-na.ssl-images-amazon.com/images/G/01/x-locale/common/grey-pixel.gif,Reviewed in India 🇮🇳 on 18 October 2020,One person found this helpful,Verified Purchase,
1.0 out of 5 stars,Nisha Adnani,https://www.amazon.in/gp/customer-reviews/RV6ALJLQ526E3/ref=cm_cr_getr_d_rvw_ttl?ie=UTF8&ASIN=B083F7NKYP, Quality issues,Not good quality,,https://images-na.ssl-images-amazon.com/images/G/01/x-locale/common/grey-pixel.gif,Reviewed in India 🇮🇳 on 26 April 2021,0,Verified Purchase,
1.0 out of 5 stars,Nitesh Dole,https://www.amazon.in/gp/customer-reviews/RNBE0L0T00FXN/ref=cm_cr_getr_d_rvw_ttl?ie=UTF8&ASIN=B083F7NKYP, Expiry product received,"Received on 8th june 2020
and this product expired on 7th june 2020","https://images-na.ssl-images-amazon.com/images/I/81+L8zuUF1L.88.jpg  
",https://images-na.ssl-images-amazon.com/images/G/01/x-locale/common/grey-pixel.gif,Reviewed in India 🇮🇳 on 8 June 2020,12 people found this helpful,Verified Purchase,
1.0 out of 5 stars,SSSS,https://www.amazon.in/gp/customer-reviews/R206NG60XNCS0X/ref=cm_cr_getr_d_rvw_ttl?ie=UTF8&ASIN=B083F7NKYP, Low quality bread,The bread is tattered and crumbled. Low quality,,https://images-na.ssl-images-amazon.com/images/G/01/x-locale/common/grey-pixel.gif,Reviewed in India 🇮🇳 on 15 October 2020,One person found this helpful,Verified Purchase,
1.0 out of 5 stars,Nitin Abbi,https://www.amazon.in/gp/customer-reviews/R2CE87OZUWV8SR/ref=cm_cr_getr_d_rvw_ttl?ie=UTF8&ASIN=B083F7NKYP, Stale bread with fungus,Stale bread delivered with fungus on it,"https://images-na.ssl-images-amazon.com/images/I/71SVmH22euL.88.jpg  
",https://images-na.ssl-images-amazon.com/images/G/01/x-locale/common/grey-pixel.gif,Reviewed in India 🇮🇳 on 19 August 2020,One person found this helpful,Verified Purchase,
1.0 out of 5 stars,Surendra,https://www.amazon.in/gp/customer-reviews/R1WVGOVEUHXOPL/ref=cm_cr_getr_d_rvw_ttl?ie=UTF8&ASIN=B083F7NKYP," English oven bread ,not recommended","Nothing to like ,worst bread","https://images-na.ssl-images-amazon.com/images/I/71-n+-q3dHL.88.jpg  
https://images-na.ssl-images-amazon.com/images/I/714V3tkLiML.88.jpg  
","https://images-eu.ssl-images-amazon.com/images/S/amazon-avatars-global/da94d674-f388-4d89-99be-99357aaef6e0._CR0,0,626,626_SX48_.jpg",Reviewed in India 🇮🇳 on 18 August 2020,One person found this helpful,Verified Purchase,
1.0 out of 5 stars,Jiya joseph,https://www.amazon.in/gp/customer-reviews/R37V12UT19TMLZ/ref=cm_cr_getr_d_rvw_ttl?ie=UTF8&ASIN=B083F7NKYP, Stale product recieved,Received product with expiry date over,,"https://images-eu.ssl-images-amazon.com/images/S/amazon-avatars-global/default._CR0,0,1024,1024_SX48_.png",Reviewed in India 🇮🇳 on 3 August 2020,One person found this helpful,Verified Purchase,
1.0 out of 5 stars,namrata,https://www.amazon.in/gp/customer-reviews/RH6MBK4YDCG4Y/ref=cm_cr_getr_d_rvw_ttl?ie=UTF8&ASIN=B083F7NKYP, Received experied,Received experied bread ......,"https://images-na.ssl-images-amazon.com/images/I/71WkTF1YDbL.88.jpg  
","https://images-eu.ssl-images-amazon.com/images/S/amazon-avatars-global/default._CR0,0,1024,1024_SX48_.png",Reviewed in India 🇮🇳 on 18 August 2020,0,Verified Purchase,
1.0 out of 5 stars,yash,https://www.amazon.in/gp/customer-reviews/R9CGU07KEC1XG/ref=cm_cr_getr_d_rvw_ttl?ie=UTF8&ASIN=B083F7NKYP, Needs to improve,Needs improvement,,"https://images-eu.ssl-images-amazon.com/images/S/amazon-avatars-global/default._CR0,0,1024,1024_SX48_.png",Reviewed in India 🇮🇳 on 13 October 2020,2 people found this helpful,Verified Purchase,
5.0 out of 5 stars,B P Sahu,https://www.amazon.in/gp/customer-reviews/R3J5CUVS833LDZ/ref=cm_cr_getr_d_rvw_ttl?ie=UTF8&ASIN=B083F7NKYP, Delicious Tasty high enriched Quality Bread,"I found this English Owen 🍞 Bread fresh & really liked its tasty Favour, bought at a discounted rate offered by Amazon",,https://images-na.ssl-images-amazon.com/images/G/01/x-locale/common/grey-pixel.gif,Reviewed in India 🇮🇳 on 4 October 2020,0,,
1.0 out of 5 stars,Bharat Kumar Gupta,https://www.amazon.in/gp/customer-reviews/R39FJO94T6NJ4F/ref=cm_cr_getr_d_rvw_ttl?ie=UTF8&ASIN=B083F7NKYP, Broken and almost expiry,Old stock and damaged,,https://images-na.ssl-images-amazon.com/images/G/01/x-locale/common/grey-pixel.gif,Reviewed in India 🇮🇳 on 19 June 2020,0,,
5.0 out of 5 stars,Shrikrishna,https://www.amazon.in/gp/customer-reviews/R2BINJWA6JXUAS/ref=cm_cr_getr_d_rvw_ttl?ie=UTF8&ASIN=B083F7NKYP, Very nice quality bread,"I found it very frsh, tasty and soft than other brands...",,https://images-na.ssl-images-amazon.com/images/G/01/x-locale/common/grey-pixel.gif,Reviewed in India 🇮🇳 on 14 May 2022,0,Verified Purchase,
5.0 out of 5 stars,Vaishali Garg,https://www.amazon.in/gp/customer-reviews/R2MGSUWKSLMAJF/ref=cm_cr_getr_d_rvw_ttl?ie=UTF8&ASIN=B083F7NKYP, Awsm taste,Do try very soft and rich taste,,https://images-na.ssl-images-amazon.com/images/G/01/x-locale/common/grey-pixel.gif,Reviewed in India 🇮🇳 on 26 January 2022,0,Verified Purchase,
4.0 out of 5 stars,Lata Venkat,https://www.amazon.in/gp/customer-reviews/R1HBYUBQFWQJZA/ref=cm_cr_getr_d_rvw_ttl?ie=UTF8&ASIN=B083F7NKYP, Value for money,"Attractive packing, good thickness n flavour.",,https://images-na.ssl-images-amazon.com/images/G/01/x-locale/common/grey-pixel.gif,Reviewed in India 🇮🇳 on 3 December 2020,0,Verified Purchase,
